datetime,funding_rate
2024-01-01 00:00:00.000,0.00037409
2024-01-01 08:00:00.000,0.00027213
2024-01-01 16:00:00.000,0.00033601
2024-01-02 00:00:00.000,0.00065846
2024-01-02 08:00:00.000,0.00035179
2024-01-02 16:00:00.000,0.0005373
2024-01-03 00:00:00.000,0.00021159
2024-01-03 08:00:00.000,0.00017123
2024-01-03 16:00:00.000,0.0001
2024-01-04 00:00:00.000,0.0001
2024-01-04 08:00:00.000,0.0001
2024-01-04 16:00:00.000,0.0001
2024-01-05 00:00:00.001,0.0001
2024-01-05 08:00:00.000,0.0001
2024-01-05 16:00:00.000,0.0001
2024-01-06 00:00:00.000,0.0001
2024-01-06 08:00:00.000,0.0001
2024-01-06 16:00:00.000,0.0001
2024-01-07 00:00:00.000,0.0001
2024-01-07 08:00:00.001,0.0001
2024-01-07 16:00:00.001,0.0001
2024-01-08 00:00:00.000,0.0001
2024-01-08 08:00:00.000,0.0001
2024-01-08 16:00:00.000,0.0001
2024-01-09 00:00:00.001,0.0001
2024-01-09 08:00:00.000,0.0001
2024-01-09 16:00:00.000,0.0001
2024-01-10 00:00:00.000,0.0001
2024-01-10 08:00:00.000,0.0001
2024-01-10 16:00:00.000,0.0001
2024-01-11 00:00:00.000,0.0001
2024-01-11 08:00:00.000,0.0001
2024-01-11 16:00:00.000,0.0001
2024-01-12 00:00:00.001,0.0001
2024-01-12 08:00:00.000,0.0001
2024-01-12 16:00:00.000,0.0001
2024-01-13 00:00:00.000,0.0001
2024-01-13 08:00:00.000,0.0001
2024-01-13 16:00:00.001,0.0001
2024-01-14 00:00:00.000,0.0001
2024-01-14 08:00:00.000,0.0001
2024-01-14 16:00:00.001,0.0001
2024-01-15 00:00:00.000,0.0001
2024-01-15 08:00:00.000,0.0001
2024-01-15 16:00:00.000,0.0001
2024-01-16 00:00:00.000,0.0001
2024-01-16 08:00:00.000,0.0001
2024-01-16 16:00:00.001,0.0001
2024-01-17 00:00:00.000,0.0001
2024-01-17 08:00:00.000,0.0001
2024-01-17 16:00:00.000,0.0001
2024-01-18 00:00:00.001,0.0001
2024-01-18 08:00:00.000,0.0001
2024-01-18 16:00:00.000,0.0001
2024-01-19 00:00:00.000,0.0001
2024-01-19 08:00:00.000,0.0001
2024-01-19 16:00:00.002,0.0001
2024-01-20 00:00:00.000,0.0001
2024-01-20 08:00:00.003,0.0001
2024-01-20 16:00:00.000,0.0001
2024-01-21 00:00:00.000,0.0001
2024-01-21 08:00:00.000,0.0001
2024-01-21 16:00:00.000,0.0001
2024-01-22 00:00:00.000,0.0001
2024-01-22 08:00:00.000,0.0001
2024-01-22 16:00:00.000,0.0001
2024-01-23 00:00:00.000,0.0001
2024-01-23 08:00:00.000,0.0001
2024-01-23 16:00:00.000,0.0001
2024-01-24 00:00:00.000,0.0001
2024-01-24 08:00:00.000,0.0001
2024-01-24 16:00:00.000,0.0001
2024-01-25 00:00:00.000,0.0001
2024-01-25 08:00:00.001,0.0001
2024-01-25 16:00:00.000,0.0001
2024-01-26 00:00:00.001,0.0001
2024-01-26 08:00:00.000,0.0001
2024-01-26 16:00:00.000,0.0001
2024-01-27 00:00:00.000,8.966e-05
2024-01-27 08:00:00.000,0.0001
2024-01-27 16:00:00.000,8.3e-05
2024-01-28 00:00:00.000,0.0001
2024-01-28 08:00:00.000,4.725e-05
2024-01-28 16:00:00.000,0.0001
2024-01-29 00:00:00.000,0.0001
2024-01-29 08:00:00.001,9.142e-05
2024-01-29 16:00:00.000,0.0001
2024-01-30 00:00:00.000,0.0001
2024-01-30 08:00:00.000,9.492e-05
2024-01-30 16:00:00.001,5.149e-05
2024-01-31 00:00:00.000,2.154e-05
2024-01-31 08:00:00.000,0.0001
2024-01-31 16:00:00.000,0.0001
2024-02-01 00:00:00.000,0.0001
2024-02-01 08:00:00.000,0.0001
2024-02-01 16:00:00.002,0.0001
2024-02-02 00:00:00.000,0.0001
2024-02-02 08:00:00.000,0.0001
2024-02-02 16:00:00.000,0.0001
2024-02-03 00:00:00.000,7.627e-05
2024-02-03 08:00:00.000,9.042e-05
2024-02-03 16:00:00.001,8.028e-05
2024-02-04 00:00:00.000,8.307e-05
2024-02-04 08:00:00.004,8.846e-05
2024-02-04 16:00:00.000,0.0001
2024-02-05 00:00:00.000,0.0001
2024-02-05 08:00:00.000,0.0001
2024-02-05 16:00:00.000,0.0001
2024-02-06 00:00:00.000,0.0001
2024-02-06 08:00:00.001,6.723e-05
2024-02-06 16:00:00.000,0.0001
2024-02-07 00:00:00.000,7.527e-05
2024-02-07 08:00:00.000,5.373e-05
2024-02-07 16:00:00.000,8.306e-05
2024-02-08 00:00:00.000,0.0001
2024-02-08 08:00:00.000,6.535e-05
2024-02-08 16:00:00.000,2.59e-05
2024-02-09 00:00:00.000,3.16e-05
2024-02-09 08:00:00.000,0.0001
2024-02-09 16:00:00.001,9.801e-05
2024-02-10 00:00:00.001,8.041e-05
2024-02-10 08:00:00.000,0.0001
2024-02-10 16:00:00.000,0.0001
2024-02-11 00:00:00.000,0.0001
2024-02-11 08:00:00.001,0.0001
2024-02-11 16:00:00.000,0.0001
2024-02-12 00:00:00.000,0.0001
2024-02-12 08:00:00.000,0.0001
2024-02-12 16:00:00.000,0.0001
2024-02-13 00:00:00.000,0.0001
2024-02-13 08:00:00.000,0.0001
2024-02-13 16:00:00.000,0.0001
2024-02-14 00:00:00.000,0.0001
2024-02-14 08:00:00.000,0.0001
2024-02-14 16:00:00.000,0.00012283
2024-02-15 00:00:00.000,0.0001
2024-02-15 08:00:00.000,0.0001
2024-02-15 16:00:00.000,0.0001
2024-02-16 00:00:00.000,0.0001
2024-02-16 08:00:00.000,0.0001
2024-02-16 16:00:00.000,0.0001
2024-02-17 00:00:00.000,0.0001
2024-02-17 08:00:00.000,0.0001
2024-02-17 16:00:00.000,0.00016041
2024-02-18 00:00:00.000,0.0001724
2024-02-18 08:00:00.000,0.00015305
2024-02-18 16:00:00.000,0.00017095
2024-02-19 00:00:00.000,0.00023064
2024-02-19 08:00:00.000,0.00019594
2024-02-19 16:00:00.000,0.00013327
2024-02-20 00:00:00.000,0.00010461
2024-02-20 08:00:00.000,0.00010912
2024-02-20 16:00:00.000,0.00020259
2024-02-21 00:00:00.000,0.0001
2024-02-21 08:00:00.000,0.00011242
2024-02-21 16:00:00.000,0.0001
2024-02-22 00:00:00.001,0.0001
2024-02-22 08:00:00.001,0.0001348
2024-02-22 16:00:00.000,0.00012557
2024-02-23 00:00:00.000,0.0001
2024-02-23 08:00:00.000,0.0001
2024-02-23 16:00:00.000,0.00012991
2024-02-24 00:00:00.000,0.0001
2024-02-24 08:00:00.001,0.0001
2024-02-24 16:00:00.000,0.0001
2024-02-25 00:00:00.001,0.00011438
2024-02-25 08:00:00.000,0.00015012
2024-02-25 16:00:00.000,0.00015062
2024-02-26 00:00:00.000,0.00026761
2024-02-26 08:00:00.000,0.00021567
2024-02-26 16:00:00.000,0.00027227
2024-02-27 00:00:00.000,0.00032262
2024-02-27 08:00:00.000,0.00073521
2024-02-27 16:00:00.000,0.00022965
2024-02-28 00:00:00.000,0.00026729
2024-02-28 08:00:00.000,0.00023682
2024-02-28 16:00:00.000,0.00053538
2024-02-29 00:00:00.000,0.00069091
2024-02-29 08:00:00.000,0.00076337
2024-02-29 16:00:00.000,0.00057031
2024-03-01 00:00:00.000,0.00053322
2024-03-01 08:00:00.000,0.00064824
2024-03-01 16:00:00.000,0.0004601
2024-03-02 00:00:00.000,0.00033426
2024-03-02 08:00:00.001,0.00057174
2024-03-02 16:00:00.000,0.00056396
2024-03-03 00:00:00.000,0.00046267
2024-03-03 08:00:00.000,0.00042989
2024-03-03 16:00:00.000,0.00044598
2024-03-04 00:00:00.000,0.00055071
2024-03-04 08:00:00.000,0.00046833
2024-03-04 16:00:00.000,0.0006362
2024-03-05 00:00:00.000,0.0004896
2024-03-05 08:00:00.000,0.00082969
2024-03-05 16:00:00.000,0.00088148
2024-03-06 00:00:00.000,0.0003628
2024-03-06 08:00:00.001,0.00033876
2024-03-06 16:00:00.000,0.00049354
2024-03-07 00:00:00.000,0.00030311
2024-03-07 08:00:00.000,0.00040984
2024-03-07 16:00:00.000,0.00054217
2024-03-08 00:00:00.000,0.00034819
2024-03-08 08:00:00.000,0.00043497
2024-03-08 16:00:00.000,0.00062913
2024-03-09 00:00:00.000,0.00019134
2024-03-09 08:00:00.001,0.00031281
2024-03-09 16:00:00.000,0.00026407
2024-03-10 00:00:00.000,0.0003101
2024-03-10 08:00:00.000,0.00063451
2024-03-10 16:00:00.000,0.00054479
2024-03-11 00:00:00.000,0.00035489
2024-03-11 08:00:00.000,0.00078428
2024-03-11 16:00:00.000,0.00066396
2024-03-12 00:00:00.000,0.0004447
2024-03-12 08:00:00.000,0.000453
2024-03-12 16:00:00.000,0.00047935
2024-03-13 00:00:00.000,0.00033224
2024-03-13 08:00:00.001,0.0006442
2024-03-13 16:00:00.000,0.00045402
2024-03-14 00:00:00.001,0.00024393
2024-03-14 08:00:00.000,0.00038753
2024-03-14 16:00:00.000,0.00038258
2024-03-15 00:00:00.000,0.00038515
2024-03-15 08:00:00.000,0.00014328
2024-03-15 16:00:00.000,0.00015306
2024-03-16 00:00:00.000,0.0001
2024-03-16 08:00:00.000,0.00023202
2024-03-16 16:00:00.000,0.00020813
2024-03-17 00:00:00.000,0.00013089
2024-03-17 08:00:00.000,0.00017773
2024-03-17 16:00:00.000,0.00024827
2024-03-18 00:00:00.000,0.00020181
2024-03-18 08:00:00.000,0.00030597
2024-03-18 16:00:00.001,0.00027195
2024-03-19 00:00:00.000,0.00026923
2024-03-19 08:00:00.000,0.00029065
2024-03-19 16:00:00.001,0.00024018
2024-03-20 00:00:00.000,0.00015847
2024-03-20 08:00:00.004,0.00018388
2024-03-20 16:00:00.000,0.0001
2024-03-21 00:00:00.000,0.00010403
2024-03-21 08:00:00.000,0.00019304
2024-03-21 16:00:00.000,0.0001951
2024-03-22 00:00:00.000,0.00016271
2024-03-22 08:00:00.000,0.0001
2024-03-22 16:00:00.000,0.00011993
2024-03-23 00:00:00.000,0.0001
2024-03-23 08:00:00.000,0.0001
2024-03-23 16:00:00.000,0.00010806
2024-03-24 00:00:00.000,0.00010351
2024-03-24 08:00:00.000,0.00014616
2024-03-24 16:00:00.000,0.00015884
2024-03-25 00:00:00.000,0.00025549
2024-03-25 08:00:00.001,0.00016324
2024-03-25 16:00:00.000,0.00028815
2024-03-26 00:00:00.000,0.00021963
2024-03-26 08:00:00.000,0.00018348
2024-03-26 16:00:00.000,0.00026764
2024-03-27 00:00:00.000,0.00028757
2024-03-27 08:00:00.001,0.00029551
2024-03-27 16:00:00.000,0.00043631
2024-03-28 00:00:00.000,0.00024195
2024-03-28 08:00:00.000,0.00029899
2024-03-28 16:00:00.000,0.0002943
2024-03-29 00:00:00.000,0.0001825
2024-03-29 08:00:00.000,0.00025456
2024-03-29 16:00:00.000,0.0003017
2024-03-30 00:00:00.000,0.00019624
2024-03-30 08:00:00.000,0.00032267
2024-03-30 16:00:00.000,0.0003436
2024-03-31 00:00:00.000,0.00032351
2024-03-31 08:00:00.000,0.00039889
2024-03-31 16:00:00.001,0.00040301
2024-04-01 00:00:00.000,0.00070161
2024-04-01 08:00:00.000,0.00033491
2024-04-01 16:00:00.000,0.00027469
2024-04-02 00:00:00.007,0.00010926
2024-04-02 08:00:00.015,0.0001
2024-04-02 16:00:00.000,0.00016456
2024-04-03 00:00:00.000,0.0001
2024-04-03 08:00:00.000,0.0001
2024-04-03 16:00:00.000,0.0001
2024-04-04 00:00:00.000,0.0001
2024-04-04 08:00:00.000,0.0001
2024-04-04 16:00:00.000,0.0001
2024-04-05 00:00:00.000,0.0001
2024-04-05 08:00:00.000,0.0001
2024-04-05 16:00:00.000,0.0001
2024-04-06 00:00:00.000,0.0001
2024-04-06 08:00:00.000,0.0001
2024-04-06 16:00:00.000,0.0001
2024-04-07 00:00:00.000,0.0001
2024-04-07 08:00:00.000,0.0001
2024-04-07 16:00:00.000,0.0001
2024-04-08 00:00:00.001,0.0001
2024-04-08 08:00:00.000,0.0001
2024-04-08 16:00:00.006,0.00035189
2024-04-09 00:00:00.000,0.00020915
2024-04-09 08:00:00.001,0.00020603
2024-04-09 16:00:00.001,0.00019061
2024-04-10 00:00:00.000,0.00011929
2024-04-10 08:00:00.001,0.00012457
2024-04-10 16:00:00.000,0.0001
2024-04-11 00:00:00.000,0.00013979
2024-04-11 08:00:00.000,0.00020153
2024-04-11 16:00:00.000,0.00019763
2024-04-12 00:00:00.000,0.00011258
2024-04-12 08:00:00.001,0.0002563
2024-04-12 16:00:00.000,0.00012214
2024-04-13 00:00:00.000,0.0001
2024-04-13 08:00:00.000,0.0001
2024-04-13 16:00:00.001,0.0001
2024-04-14 00:00:00.000,0.0001
2024-04-14 08:00:00.000,0.0001
2024-04-14 16:00:00.000,0.0001
2024-04-15 00:00:00.000,0.0001
2024-04-15 08:00:00.001,1.759e-05
2024-04-15 16:00:00.000,0.0001
2024-04-16 00:00:00.001,5.953e-05
2024-04-16 08:00:00.000,9.525e-05
2024-04-16 16:00:00.000,3.513e-05
2024-04-17 00:00:00.000,6.375e-05
2024-04-17 08:00:00.000,3.574e-05
2024-04-17 16:00:00.000,6.534e-05
2024-04-18 00:00:00.000,6.937e-05
2024-04-18 08:00:00.000,5.982e-05
2024-04-18 16:00:00.000,-3.334e-05
2024-04-19 00:00:00.001,-3.12e-05
2024-04-19 08:00:00.000,6.641e-05
2024-04-19 16:00:00.000,5.88e-05
2024-04-20 00:00:00.000,0.0001
2024-04-20 08:00:00.000,-7.66e-06
2024-04-20 16:00:00.000,4.204e-05
2024-04-21 00:00:00.000,3.186e-05
2024-04-21 08:00:00.000,-2.093e-05
2024-04-21 16:00:00.000,8.271e-05
2024-04-22 00:00:00.000,4.409e-05
2024-04-22 08:00:00.000,2.497e-05
2024-04-22 16:00:00.000,8.98e-06
2024-04-23 00:00:00.000,-1.236e-05
2024-04-23 08:00:00.000,5.24e-05
2024-04-23 16:00:00.001,-1.083e-05
2024-04-24 00:00:00.000,1.413e-05
2024-04-24 08:00:00.000,5.302e-05
2024-04-24 16:00:00.000,7.047e-05
2024-04-25 00:00:00.000,7.02e-05
2024-04-25 08:00:00.000,4.069e-05
2024-04-25 16:00:00.010,1.14e-05
2024-04-26 00:00:00.001,1.709e-05
2024-04-26 08:00:00.000,6.85e-06
2024-04-26 16:00:00.000,5.562e-05
2024-04-27 00:00:00.000,0.0001
2024-04-27 08:00:00.001,7.47e-05
2024-04-27 16:00:00.000,2.834e-05
2024-04-28 00:00:00.000,1.006e-05
2024-04-28 08:00:00.000,-2.081e-05
2024-04-28 16:00:00.000,2.782e-05
2024-04-29 00:00:00.000,2.472e-05
2024-04-29 08:00:00.000,5.544e-05
2024-04-29 16:00:00.000,6.828e-05
2024-04-30 00:00:00.000,9.74e-05
2024-04-30 08:00:00.000,9.154e-05
2024-04-30 16:00:00.000,0.0001
2024-05-01 00:00:00.000,0.0001
2024-05-01 08:00:00.000,8.946e-05
2024-05-01 16:00:00.000,9.902e-05
2024-05-02 00:00:00.000,6.634e-05
2024-05-02 08:00:00.000,6.169e-05
2024-05-02 16:00:00.002,-1.23e-06
2024-05-03 00:00:00.000,-1.549e-05
2024-05-03 08:00:00.000,-3.764e-05
2024-05-03 16:00:00.000,8.091e-05
2024-05-04 00:00:00.000,2.703e-05
2024-05-04 08:00:00.000,7.455e-05
2024-05-04 16:00:00.000,6.265e-05
2024-05-05 00:00:00.000,6.906e-05
2024-05-05 08:00:00.000,6.47e-06
2024-05-05 16:00:00.000,3.893e-05
2024-05-06 00:00:00.000,6.02e-06
2024-05-06 08:00:00.000,-1.031e-05
2024-05-06 16:00:00.000,7.746e-05
2024-05-07 00:00:00.000,6.064e-05
2024-05-07 08:00:00.000,1.581e-05
2024-05-07 16:00:00.000,9.028e-05
2024-05-08 00:00:00.000,4.891e-05
2024-05-08 08:00:00.000,5.553e-05
2024-05-08 16:00:00.000,9.292e-05
2024-05-09 00:00:00.000,5.648e-05
2024-05-09 08:00:00.000,3.315e-05
2024-05-09 16:00:00.000,7.253e-05
2024-05-10 00:00:00.000,1.026e-05
2024-05-10 08:00:00.000,5.934e-05
2024-05-10 16:00:00.000,7.653e-05
2024-05-11 00:00:00.000,8.881e-05
2024-05-11 08:00:00.000,3.771e-05
2024-05-11 16:00:00.000,5.067e-05
2024-05-12 00:00:00.000,2.604e-05
2024-05-12 08:00:00.000,2.83e-05
2024-05-12 16:00:00.000,0.0001
2024-05-13 00:00:00.001,0.0001
2024-05-13 08:00:00.001,8.469e-05
2024-05-13 16:00:00.000,9.151e-05
2024-05-14 00:00:00.000,9.866e-05
2024-05-14 08:00:00.000,0.0001
2024-05-14 16:00:00.000,4.392e-05
2024-05-15 00:00:00.000,0.0001
2024-05-15 08:00:00.000,-3.85e-06
2024-05-15 16:00:00.000,2.373e-05
2024-05-16 00:00:00.004,2.103e-05
2024-05-16 08:00:00.000,5.148e-05
2024-05-16 16:00:00.000,3.543e-05
2024-05-17 00:00:00.000,4.647e-05
2024-05-17 08:00:00.000,8.15e-06
2024-05-17 16:00:00.000,-2.98e-06
2024-05-18 00:00:00.000,6.28e-06
2024-05-18 08:00:00.000,8.012e-05
2024-05-18 16:00:00.000,-7.92e-06
2024-05-19 00:00:00.000,3.339e-05
2024-05-19 08:00:00.000,5.21e-05
2024-05-19 16:00:00.000,4.779e-05
2024-05-20 00:00:00.000,5.607e-05
2024-05-20 08:00:00.000,2.479e-05
2024-05-20 16:00:00.003,2.552e-05
2024-05-21 00:00:00.000,0.0001
2024-05-21 08:00:00.001,0.00010517
2024-05-21 16:00:00.000,0.0001
2024-05-22 00:00:00.000,0.0001
2024-05-22 08:00:00.000,0.00015759
2024-05-22 16:00:00.000,0.0001
2024-05-23 00:00:00.000,0.0001
2024-05-23 08:00:00.000,0.0001
2024-05-23 16:00:00.000,0.0001
2024-05-24 00:00:00.000,0.0001
2024-05-24 08:00:00.000,0.0001
2024-05-24 16:00:00.000,0.0001
2024-05-25 00:00:00.000,0.0001
2024-05-25 08:00:00.000,0.0001
2024-05-25 16:00:00.000,0.0001
2024-05-26 00:00:00.000,0.0001
2024-05-26 08:00:00.000,0.0001
2024-05-26 16:00:00.000,0.0001
2024-05-27 00:00:00.000,0.0001
2024-05-27 08:00:00.000,0.0001
2024-05-27 16:00:00.000,0.0001
2024-05-28 00:00:00.000,0.0001
2024-05-28 08:00:00.000,0.0001
2024-05-28 16:00:00.000,0.0001
2024-05-29 00:00:00.001,0.0001
2024-05-29 08:00:00.000,0.0001
2024-05-29 16:00:00.000,0.00012558
2024-05-30 00:00:00.000,0.0001
2024-05-30 08:00:00.000,0.0001
2024-05-30 16:00:00.000,0.0001
2024-05-31 00:00:00.000,0.00014599
2024-05-31 08:00:00.000,0.00012268
2024-05-31 16:00:00.000,0.0001
2024-06-01 00:00:00.000,0.0001
2024-06-01 08:00:00.000,0.0001
2024-06-01 16:00:00.001,0.0001025
2024-06-02 00:00:00.000,0.0001
2024-06-02 08:00:00.000,0.0001
2024-06-02 16:00:00.000,0.0001
2024-06-03 00:00:00.000,0.0001
2024-06-03 08:00:00.000,0.00014135
2024-06-03 16:00:00.000,0.0001
2024-06-04 00:00:00.000,0.00012008
2024-06-04 08:00:00.000,0.0001
2024-06-04 16:00:00.000,0.0001
2024-06-05 00:00:00.000,0.0001
2024-06-05 08:00:00.000,0.00016387
2024-06-05 16:00:00.000,0.00013226
2024-06-06 00:00:00.000,0.0001
2024-06-06 08:00:00.008,0.00010438
2024-06-06 16:00:00.000,0.0001177
2024-06-07 00:00:00.000,0.0001
2024-06-07 08:00:00.000,0.0001
2024-06-07 16:00:00.000,0.00010166
2024-06-08 00:00:00.000,0.0001
2024-06-08 08:00:00.000,0.0001
2024-06-08 16:00:00.000,0.0001
2024-06-09 00:00:00.000,0.0001
2024-06-09 08:00:00.000,0.0001
2024-06-09 16:00:00.001,0.0001
2024-06-10 00:00:00.000,0.0001
2024-06-10 08:00:00.000,0.0001
2024-06-10 16:00:00.001,0.0001
2024-06-11 00:00:00.001,0.0001
2024-06-11 08:00:00.000,0.0001
2024-06-11 16:00:00.000,0.0001
2024-06-12 00:00:00.000,0.0001
2024-06-12 08:00:00.000,0.0001
2024-06-12 16:00:00.000,0.0001
2024-06-13 00:00:00.000,0.0001
2024-06-13 08:00:00.001,0.0001
2024-06-13 16:00:00.000,0.0001
2024-06-14 00:00:00.000,0.0001
2024-06-14 08:00:00.000,0.0001
2024-06-14 16:00:00.000,0.0001
2024-06-15 00:00:00.000,0.0001
2024-06-15 08:00:00.000,0.0001
2024-06-15 16:00:00.000,0.0001
2024-06-16 00:00:00.001,0.0001
2024-06-16 08:00:00.000,0.0001
2024-06-16 16:00:00.000,0.0001
2024-06-17 00:00:00.000,0.0001
2024-06-17 08:00:00.000,0.0001
2024-06-17 16:00:00.000,0.0001
2024-06-18 00:00:00.000,0.0001
2024-06-18 08:00:00.000,8.236e-05
2024-06-18 16:00:00.000,0.0001
2024-06-19 00:00:00.001,0.0001
2024-06-19 08:00:00.001,4.127e-05
2024-06-19 16:00:00.000,2.967e-05
2024-06-20 00:00:00.000,3.934e-05
2024-06-20 08:00:00.000,5.953e-05
2024-06-20 16:00:00.000,6.879e-05
2024-06-21 00:00:00.000,3.344e-05
2024-06-21 08:00:00.000,7.328e-05
2024-06-21 16:00:00.000,0.0001
2024-06-22 00:00:00.000,0.0001
2024-06-22 08:00:00.000,4.146e-05
2024-06-22 16:00:00.000,0.0001
2024-06-23 00:00:00.000,0.0001
2024-06-23 08:00:00.000,2.307e-05
2024-06-23 16:00:00.000,4.676e-05
2024-06-24 00:00:00.002,9.534e-05
2024-06-24 08:00:00.000,0.0001
2024-06-24 16:00:00.000,7.488e-05
2024-06-25 00:00:00.000,7.447e-05
2024-06-25 08:00:00.000,5.949e-05
2024-06-25 16:00:00.000,7.752e-05
2024-06-26 00:00:00.002,0.0001
2024-06-26 08:00:00.000,0.0001
2024-06-26 16:00:00.000,0.0001
2024-06-27 00:00:00.000,0.0001
2024-06-27 08:00:00.001,0.0001
2024-06-27 16:00:00.000,0.0001
2024-06-28 00:00:00.000,0.0001
2024-06-28 08:00:00.000,0.0001
2024-06-28 16:00:00.000,0.0001
2024-06-29 00:00:00.001,0.0001
2024-06-29 08:00:00.000,0.0001
2024-06-29 16:00:00.000,0.0001
2024-06-30 00:00:00.000,0.0001
2024-06-30 08:00:00.000,0.0001
2024-06-30 16:00:00.000,0.0001
2024-07-01 00:00:00.000,0.0001
2024-07-01 08:00:00.000,0.0001
2024-07-01 16:00:00.001,0.0001
2024-07-02 00:00:00.000,0.0001
2024-07-02 08:00:00.000,0.0001
2024-07-02 16:00:00.000,0.0001
2024-07-03 00:00:00.000,0.0001
2024-07-03 08:00:00.001,0.0001
2024-07-03 16:00:00.000,0.0001
2024-07-04 00:00:00.000,0.0001
2024-07-04 08:00:00.000,0.0001
2024-07-04 16:00:00.000,0.0001
2024-07-05 00:00:00.000,0.0001
2024-07-05 08:00:00.000,0.0001
2024-07-05 16:00:00.000,1.762e-05
2024-07-06 00:00:00.000,5.729e-05
2024-07-06 08:00:00.000,7.512e-05
2024-07-06 16:00:00.000,3.25e-05
2024-07-07 00:00:00.001,8.164e-05
2024-07-07 08:00:00.000,0.0001
2024-07-07 16:00:00.000,0.0001
2024-07-08 00:00:00.000,7.905e-05
2024-07-08 08:00:00.000,8.222e-05
2024-07-08 16:00:00.000,0.0001
2024-07-09 00:00:00.000,0.0001
2024-07-09 08:00:00.001,8.61e-06
2024-07-09 16:00:00.000,0.0001
2024-07-10 00:00:00.000,0.0001
2024-07-10 08:00:00.000,9.225e-05
2024-07-10 16:00:00.000,5.485e-05
2024-07-11 00:00:00.002,0.0001
2024-07-11 08:00:00.002,0.0001
2024-07-11 16:00:00.004,0.0001
2024-07-12 00:00:00.000,6.378e-05
2024-07-12 08:00:00.000,3.026e-05
2024-07-12 16:00:00.000,4.037e-05
2024-07-13 00:00:00.000,8.319e-05
2024-07-13 08:00:00.000,6.865e-05
2024-07-13 16:00:00.000,0.0001
2024-07-14 00:00:00.000,8.737e-05
2024-07-14 08:00:00.000,3.71e-05
2024-07-14 16:00:00.000,8.342e-05
2024-07-15 00:00:00.000,4.59e-05
2024-07-15 08:00:00.000,3.202e-05
2024-07-15 16:00:00.000,-5.14e-06
2024-07-16 00:00:00.000,-5.062e-05
2024-07-16 08:00:00.000,8.814e-05
2024-07-16 16:00:00.000,2.717e-05
2024-07-17 00:00:00.000,-3.419e-05
2024-07-17 08:00:00.001,1.775e-05
2024-07-17 16:00:00.000,2.143e-05
2024-07-18 00:00:00.000,6.89e-06
2024-07-18 08:00:00.000,1.546e-05
2024-07-18 16:00:00.000,3.127e-05
2024-07-19 00:00:00.000,4.029e-05
2024-07-19 08:00:00.000,4.855e-05
2024-07-19 16:00:00.000,4.606e-05
2024-07-20 00:00:00.001,-3.077e-05
2024-07-20 08:00:00.000,1.944e-05
2024-07-20 16:00:00.000,1.622e-05
2024-07-21 00:00:00.000,-5.313e-05
2024-07-21 08:00:00.000,2.194e-05
2024-07-21 16:00:00.000,6.46e-06
2024-07-22 00:00:00.000,9.136e-05
2024-07-22 08:00:00.000,5.953e-05
2024-07-22 16:00:00.000,2.769e-05
2024-07-23 00:00:00.000,4.709e-05
2024-07-23 08:00:00.000,4.31e-05
2024-07-23 16:00:00.000,4.642e-05
2024-07-24 00:00:00.000,0.0001
2024-07-24 08:00:00.000,0.0001
2024-07-24 16:00:00.000,0.0001
2024-07-25 00:00:00.000,0.0001
2024-07-25 08:00:00.000,0.0001
2024-07-25 16:00:00.000,0.0001
2024-07-26 00:00:00.000,0.0001
2024-07-26 08:00:00.000,0.0001
2024-07-26 16:00:00.000,3.34e-05
2024-07-27 00:00:00.000,6.547e-05
2024-07-27 08:00:00.000,8.022e-05
2024-07-27 16:00:00.000,9.109e-05
2024-07-28 00:00:00.000,8.18e-05
2024-07-28 08:00:00.000,9.177e-05
2024-07-28 16:00:00.001,2.804e-05
2024-07-29 00:00:00.001,8.361e-05
2024-07-29 08:00:00.000,5.623e-05
2024-07-29 16:00:00.001,0.0001
2024-07-30 00:00:00.000,3.396e-05
2024-07-30 08:00:00.001,3.562e-05
2024-07-30 16:00:00.000,7.691e-05
2024-07-31 00:00:00.000,3.063e-05
2024-07-31 08:00:00.000,7.178e-05
2024-07-31 16:00:00.000,3.826e-05
2024-08-01 00:00:00.000,8.208e-05
2024-08-01 08:00:00.000,0.0001
2024-08-01 16:00:00.000,0.0001
2024-08-02 00:00:00.000,0.0001
2024-08-02 08:00:00.001,0.0001
2024-08-02 16:00:00.000,0.0001
2024-08-03 00:00:00.000,0.0001
2024-08-03 08:00:00.000,9.788e-05
2024-08-03 16:00:00.001,4.247e-05
2024-08-04 00:00:00.000,0.0001
2024-08-04 08:00:00.000,5.343e-05
2024-08-04 16:00:00.000,0.0001
2024-08-05 00:00:00.000,0.0001
2024-08-05 08:00:00.000,4.429e-05
2024-08-05 16:00:00.000,5.967e-05
2024-08-06 00:00:00.000,3.566e-05
2024-08-06 08:00:00.000,-2.845e-05
2024-08-06 16:00:00.000,4.485e-05
2024-08-07 00:00:00.000,-7.3e-06
2024-08-07 08:00:00.001,-6.859e-05
2024-08-07 16:00:00.000,3.241e-05
2024-08-08 00:00:00.001,2.637e-05
2024-08-08 08:00:00.000,3.086e-05
2024-08-08 16:00:00.000,1.147e-05
2024-08-09 00:00:00.000,4.994e-05
2024-08-09 08:00:00.000,2.184e-05
2024-08-09 16:00:00.000,4.846e-05
2024-08-10 00:00:00.000,-3.942e-05
2024-08-10 08:00:00.000,-1.379e-05
2024-08-10 16:00:00.000,-1.949e-05
2024-08-11 00:00:00.000,4.049e-05
2024-08-11 08:00:00.000,-1.839e-05
2024-08-11 16:00:00.001,1.185e-05
2024-08-12 00:00:00.000,1.113e-05
2024-08-12 08:00:00.000,8.783e-05
2024-08-12 16:00:00.000,-2.238e-05
2024-08-13 00:00:00.000,6.14e-05
2024-08-13 08:00:00.000,5.21e-06
2024-08-13 16:00:00.000,-3.902e-05
2024-08-14 00:00:00.000,1.152e-05
2024-08-14 08:00:00.000,-1.33e-05
2024-08-14 16:00:00.000,-7.811e-05
2024-08-15 00:00:00.000,-8.488e-05
2024-08-15 08:00:00.000,6.339e-05
2024-08-15 16:00:00.000,-6.181e-05
2024-08-16 00:00:00.000,-0.00011235
2024-08-16 08:00:00.000,-7.387e-05
2024-08-16 16:00:00.000,-5.57e-06
2024-08-17 00:00:00.000,1.912e-05
2024-08-17 08:00:00.000,4.177e-05
2024-08-17 16:00:00.000,-1.52e-06
2024-08-18 00:00:00.000,3.966e-05
2024-08-18 08:00:00.000,-1.323e-05
2024-08-18 16:00:00.000,-3.149e-05
2024-08-19 00:00:00.000,-3.616e-05
2024-08-19 08:00:00.000,-6.75e-05
2024-08-19 16:00:00.002,-1.957e-05
2024-08-20 00:00:00.000,-2.656e-05
2024-08-20 08:00:00.000,1.349e-05
2024-08-20 16:00:00.001,1.419e-05
2024-08-21 00:00:00.001,-6.756e-05
2024-08-21 08:00:00.000,-5.91e-06
2024-08-21 16:00:00.001,3.96e-06
2024-08-22 00:00:00.000,-2.229e-05
2024-08-22 08:00:00.000,1.338e-05
2024-08-22 16:00:00.008,-7.261e-05
2024-08-23 00:00:00.000,-3.329e-05
2024-08-23 08:00:00.000,2.391e-05
2024-08-23 16:00:00.000,-4.317e-05
2024-08-24 00:00:00.000,-7.72e-06
2024-08-24 08:00:00.005,-7.23e-06
2024-08-24 16:00:00.000,6.395e-05
2024-08-25 00:00:00.000,-4.806e-05
2024-08-25 08:00:00.000,-1.531e-05
2024-08-25 16:00:00.000,3.108e-05
2024-08-26 00:00:00.000,2.439e-05
2024-08-26 08:00:00.001,3.448e-05
2024-08-26 16:00:00.000,3.789e-05
2024-08-27 00:00:00.001,2.795e-05
2024-08-27 08:00:00.000,1.751e-05
2024-08-27 16:00:00.000,7.753e-05
2024-08-28 00:00:00.000,-6.803e-05
2024-08-28 08:00:00.000,2.433e-05
2024-08-28 16:00:00.001,1.143e-05
2024-08-29 00:00:00.000,-9.76e-06
2024-08-29 08:00:00.001,-1.644e-05
2024-08-29 16:00:00.000,5.59e-06
2024-08-30 00:00:00.000,9.36e-06
2024-08-30 08:00:00.000,3.578e-05
2024-08-30 16:00:00.000,2.927e-05
2024-08-31 00:00:00.000,-1.749e-05
2024-08-31 08:00:00.000,3.578e-05
2024-08-31 16:00:00.000,3.8e-05
2024-09-01 00:00:00.000,4.113e-05
2024-09-01 08:00:00.001,-3.432e-05
2024-09-01 16:00:00.000,-3.82e-06
2024-09-02 00:00:00.001,-3.386e-05
2024-09-02 08:00:00.001,2.48e-06
2024-09-02 16:00:00.000,-3.63e-06
2024-09-03 00:00:00.000,6.245e-05
2024-09-03 08:00:00.001,5.123e-05
2024-09-03 16:00:00.000,4.598e-05
2024-09-04 00:00:00.000,2.209e-05
2024-09-04 08:00:00.000,1.05e-05
2024-09-04 16:00:00.000,-1.47e-05
2024-09-05 00:00:00.000,9.016e-05
2024-09-05 08:00:00.000,2.025e-05
2024-09-05 16:00:00.005,2.49e-05
2024-09-06 00:00:00.000,2.28e-05
2024-09-06 08:00:00.001,-1e-08
2024-09-06 16:00:00.000,1.428e-05
2024-09-07 00:00:00.000,-5.57e-06
2024-09-07 08:00:00.000,-7.634e-05
2024-09-07 16:00:00.000,-7.236e-05
2024-09-08 00:00:00.000,3.745e-05
2024-09-08 08:00:00.000,-5.999e-05
2024-09-08 16:00:00.000,-5.245e-05
2024-09-09 00:00:00.000,-7.585e-05
2024-09-09 08:00:00.000,-7.108e-05
2024-09-09 16:00:00.001,-3.875e-05
2024-09-10 00:00:00.000,-6.028e-05
2024-09-10 08:00:00.000,-2.93e-05
2024-09-10 16:00:00.000,-1.126e-05
2024-09-11 00:00:00.000,-8.953e-05
2024-09-11 08:00:00.000,-2.247e-05
2024-09-11 16:00:00.000,-5.212e-05
2024-09-12 00:00:00.000,-1.951e-05
2024-09-12 08:00:00.000,-5.46e-06
2024-09-12 16:00:00.000,-2.95e-05
2024-09-13 00:00:00.000,-6.9e-07
2024-09-13 08:00:00.001,-8.69e-06
2024-09-13 16:00:00.001,-2.443e-05
2024-09-14 00:00:00.000,-8.699e-05
2024-09-14 08:00:00.000,8.59e-06
2024-09-14 16:00:00.001,2.326e-05
2024-09-15 00:00:00.000,-4.91e-06
2024-09-15 08:00:00.000,1e-08
2024-09-15 16:00:00.000,4.02e-06
2024-09-16 00:00:00.000,2.402e-05
2024-09-16 08:00:00.001,3.564e-05
2024-09-16 16:00:00.000,6.762e-05
2024-09-17 00:00:00.001,8.529e-05
2024-09-17 08:00:00.000,1.911e-05
2024-09-17 16:00:00.000,5.327e-05
2024-09-18 00:00:00.000,1.344e-05
2024-09-18 08:00:00.000,1.678e-05
2024-09-18 16:00:00.004,4.648e-05
2024-09-19 00:00:00.000,3.512e-05
2024-09-19 08:00:00.000,2.949e-05
2024-09-19 16:00:00.001,4.072e-05
2024-09-20 00:00:00.000,8.065e-05
2024-09-20 08:00:00.001,-5.03e-06
2024-09-20 16:00:00.000,5.543e-05
2024-09-21 00:00:00.001,4.638e-05
2024-09-21 08:00:00.000,0.0001
2024-09-21 16:00:00.000,8.234e-05
2024-09-22 00:00:00.000,6.285e-05
2024-09-22 08:00:00.000,9.254e-05
2024-09-22 16:00:00.000,5.537e-05
2024-09-23 00:00:00.000,6.546e-05
2024-09-23 08:00:00.000,1.364e-05
2024-09-23 16:00:00.000,5.304e-05
2024-09-24 00:00:00.000,2.324e-05
2024-09-24 08:00:00.000,2.895e-05
2024-09-24 16:00:00.001,-1.82e-06
2024-09-25 00:00:00.000,1.223e-05
2024-09-25 08:00:00.003,1.141e-05
2024-09-25 16:00:00.000,1.336e-05
2024-09-26 00:00:00.005,1.65e-05
2024-09-26 08:00:00.000,6.246e-05
2024-09-26 16:00:00.000,0.0001
2024-09-27 00:00:00.000,0.0001
2024-09-27 08:00:00.000,6.722e-05
2024-09-27 16:00:00.000,2.275e-05
2024-09-28 00:00:00.000,5.455e-05
2024-09-28 08:00:00.001,8.3e-05
2024-09-28 16:00:00.000,1.414e-05
2024-09-29 00:00:00.001,7.25e-06
2024-09-29 08:00:00.000,3.128e-05
2024-09-29 16:00:00.000,7.253e-05
2024-09-30 00:00:00.000,3.077e-05
2024-09-30 08:00:00.001,7.939e-05
2024-09-30 16:00:00.000,0.0001
2024-10-01 00:00:00.000,0.0001
2024-10-01 08:00:00.000,0.0001
2024-10-01 16:00:00.001,0.0001
2024-10-02 00:00:00.000,6.632e-05
2024-10-02 08:00:00.000,8.409e-05
2024-10-02 16:00:00.000,8.191e-05
2024-10-03 00:00:00.000,4.381e-05
2024-10-03 08:00:00.000,3.746e-05
2024-10-03 16:00:00.000,4.99e-05
2024-10-04 00:00:00.000,7.097e-05
2024-10-04 08:00:00.000,2.119e-05
2024-10-04 16:00:00.001,2.43e-06
2024-10-05 00:00:00.000,-1.596e-05
2024-10-05 08:00:00.000,1.088e-05
2024-10-05 16:00:00.000,8.61e-06
2024-10-06 00:00:00.000,5.72e-06
2024-10-06 08:00:00.001,3.288e-05
2024-10-06 16:00:00.000,4.18e-05
2024-10-07 00:00:00.000,4.573e-05
2024-10-07 08:00:00.000,-9.52e-06
2024-10-07 16:00:00.001,2.177e-05
2024-10-08 00:00:00.000,-1.678e-05
2024-10-08 08:00:00.000,7.094e-05
2024-10-08 16:00:00.000,8.1e-05
2024-10-09 00:00:00.000,0.0001
2024-10-09 08:00:00.000,5.138e-05
2024-10-09 16:00:00.000,7.939e-05
2024-10-10 00:00:00.000,2.09e-05
2024-10-10 08:00:00.000,1.532e-05
2024-10-10 16:00:00.000,0.0001
2024-10-11 00:00:00.000,2.231e-05
2024-10-11 08:00:00.000,-1.874e-05
2024-10-11 16:00:00.001,1.2e-06
2024-10-12 00:00:00.000,4.558e-05
2024-10-12 08:00:00.001,7.664e-05
2024-10-12 16:00:00.000,-1.489e-05
2024-10-13 00:00:00.000,6.93e-06
2024-10-13 08:00:00.000,1.638e-05
2024-10-13 16:00:00.000,3.938e-05
2024-10-14 00:00:00.000,5.429e-05
2024-10-14 08:00:00.000,0.0001
2024-10-14 16:00:00.000,0.0001
2024-10-15 00:00:00.000,0.0001
2024-10-15 08:00:00.000,0.0001
2024-10-15 16:00:00.000,0.0001
2024-10-16 00:00:00.000,8.325e-05
2024-10-16 08:00:00.001,8.5e-05
2024-10-16 16:00:00.000,0.0001
2024-10-17 00:00:00.000,0.0001
2024-10-17 08:00:00.000,0.0001
2024-10-17 16:00:00.001,0.0001
2024-10-18 00:00:00.010,0.0001
2024-10-18 08:00:00.001,0.0001
2024-10-18 16:00:00.000,0.0001
2024-10-19 00:00:00.000,0.0001
2024-10-19 08:00:00.000,0.0001
2024-10-19 16:00:00.000,0.0001
2024-10-20 00:00:00.000,0.0001
2024-10-20 08:00:00.000,0.0001
2024-10-20 16:00:00.000,0.0001
2024-10-21 00:00:00.000,0.0001
2024-10-21 08:00:00.000,0.0001
2024-10-21 16:00:00.000,0.0001
2024-10-22 00:00:00.000,0.0001
2024-10-22 08:00:00.000,0.0001
2024-10-22 16:00:00.000,0.0001
2024-10-23 00:00:00.000,0.0001
2024-10-23 08:00:00.000,0.0001
2024-10-23 16:00:00.000,0.0001
2024-10-24 00:00:00.000,0.0001
2024-10-24 08:00:00.000,0.0001
2024-10-24 16:00:00.000,0.0001
2024-10-25 00:00:00.000,0.0001
2024-10-25 08:00:00.000,0.0001
2024-10-25 16:00:00.000,0.0001
2024-10-26 00:00:00.000,4.755e-05
2024-10-26 08:00:00.001,7.569e-05
2024-10-26 16:00:00.000,0.0001
2024-10-27 00:00:00.000,0.0001
2024-10-27 08:00:00.000,9.724e-05
2024-10-27 16:00:00.000,0.0001
2024-10-28 00:00:00.000,9.425e-05
2024-10-28 08:00:00.001,0.0001
2024-10-28 16:00:00.000,8.946e-05
2024-10-29 00:00:00.000,0.0001
2024-10-29 08:00:00.000,0.0001
2024-10-29 16:00:00.004,0.0001
2024-10-30 00:00:00.000,0.0001
2024-10-30 08:00:00.000,0.0001
2024-10-30 16:00:00.013,0.0001
2024-10-31 00:00:00.000,0.0001
2024-10-31 08:00:00.000,0.0001
2024-10-31 16:00:00.000,0.0001
2024-11-01 00:00:00.000,0.0001
2024-11-01 08:00:00.000,0.0001
2024-11-01 16:00:00.000,0.0001
2024-11-02 00:00:00.000,0.0001
2024-11-02 08:00:00.000,0.0001
2024-11-02 16:00:00.000,0.0001
2024-11-03 00:00:00.000,0.0001
2024-11-03 08:00:00.000,0.0001
2024-11-03 16:00:00.000,0.0001
2024-11-04 00:00:00.000,0.0001
2024-11-04 08:00:00.000,0.0001
2024-11-04 16:00:00.000,0.0001
2024-11-05 00:00:00.000,0.0001
2024-11-05 08:00:00.003,0.0001
2024-11-05 16:00:00.001,0.0001
2024-11-06 00:00:00.000,0.0001
2024-11-06 08:00:00.000,0.0001
2024-11-06 16:00:00.000,0.0001
2024-11-07 00:00:00.000,0.0001
2024-11-07 08:00:00.000,0.0001
2024-11-07 16:00:00.000,0.0001
2024-11-08 00:00:00.000,0.0001
2024-11-08 08:00:00.000,0.0001
2024-11-08 16:00:00.000,0.0001
2024-11-09 00:00:00.000,0.0001
2024-11-09 08:00:00.000,0.0001
2024-11-09 16:00:00.000,0.0001
2024-11-10 00:00:00.000,0.0001
2024-11-10 08:00:00.000,0.00025603
2024-11-10 16:00:00.000,0.00014113
2024-11-11 00:00:00.001,0.00036878
2024-11-11 08:00:00.000,0.0001
2024-11-11 16:00:00.000,0.0001
2024-11-12 00:00:00.002,0.00049133
2024-11-12 08:00:00.000,0.00043737
2024-11-12 16:00:00.000,0.00038754
2024-11-13 00:00:00.000,0.0001
2024-11-13 08:00:00.010,0.00013101
2024-11-13 16:00:00.000,0.00021856
2024-11-14 00:00:00.001,0.0001
2024-11-14 08:00:00.000,0.0001
2024-11-14 16:00:00.000,0.0001
2024-11-15 00:00:00.000,0.0001
2024-11-15 08:00:00.000,0.0001
2024-11-15 16:00:00.000,0.00010977
2024-11-16 00:00:00.001,0.0001
2024-11-16 08:00:00.001,0.0001
2024-11-16 16:00:00.000,0.00013231
2024-11-17 00:00:00.000,0.00015765
2024-11-17 08:00:00.000,0.0001
2024-11-17 16:00:00.001,0.00010577
2024-11-18 00:00:00.000,0.0001
2024-11-18 08:00:00.000,0.0003645
2024-11-18 16:00:00.000,0.00021318
2024-11-19 00:00:00.000,0.00021606
2024-11-19 08:00:00.000,0.00030216
2024-11-19 16:00:00.000,0.00017959
2024-11-20 00:00:00.003,0.0001
2024-11-20 08:00:00.000,0.0001
2024-11-20 16:00:00.000,0.0001
2024-11-21 00:00:00.001,0.0001
2024-11-21 08:00:00.000,0.0001
2024-11-21 16:00:00.001,0.0001
2024-11-22 00:00:00.000,0.0001
2024-11-22 08:00:00.000,0.0001
2024-11-22 16:00:00.001,0.0001
2024-11-23 00:00:00.000,0.0001
2024-11-23 08:00:00.000,0.0001
2024-11-23 16:00:00.000,0.0001
2024-11-24 00:00:00.001,0.0001
2024-11-24 08:00:00.000,0.00016148
2024-11-24 16:00:00.000,0.00023228
2024-11-25 00:00:00.000,0.00021035
2024-11-25 08:00:00.000,0.0001
2024-11-25 16:00:00.000,0.00025233
2024-11-26 00:00:00.000,0.00021902
2024-11-26 08:00:00.000,0.00017936
2024-11-26 16:00:00.000,0.00029599
2024-11-27 00:00:00.000,0.00031205
2024-11-27 08:00:00.000,0.00016795
2024-11-27 16:00:00.001,0.0001
2024-11-28 00:00:00.000,0.0001
2024-11-28 08:00:00.000,0.00014326
2024-11-28 16:00:00.000,0.00011859
2024-11-29 00:00:00.000,0.00020619
2024-11-29 08:00:00.000,0.00011747
2024-11-29 16:00:00.000,0.00021921
2024-11-30 00:00:00.000,0.0001
2024-11-30 08:00:00.000,0.00015909
2024-11-30 16:00:00.000,0.00012063
2024-12-01 00:00:00.000,0.00015901
2024-12-01 08:00:00.000,0.00019581
2024-12-01 16:00:00.000,0.0001
2024-12-02 00:00:00.001,0.00025726
2024-12-02 08:00:00.001,0.00024556
2024-12-02 16:00:00.000,0.00013387
2024-12-03 00:00:00.000,0.00012779
2024-12-03 08:00:00.000,0.00024926
2024-12-03 16:00:00.000,0.00011952
2024-12-04 00:00:00.000,0.00026634
2024-12-04 08:00:00.000,0.00026254
2024-12-04 16:00:00.000,0.00023234
2024-12-05 00:00:00.001,0.00027625
2024-12-05 08:00:00.000,0.00072446
2024-12-05 16:00:00.000,0.00047059
2024-12-06 00:00:00.000,0.0001
2024-12-06 08:00:00.000,0.00014634
2024-12-06 16:00:00.000,0.0001
2024-12-07 00:00:00.000,0.00031972
2024-12-07 08:00:00.000,0.00012374
2024-12-07 16:00:00.000,0.0001409
2024-12-08 00:00:00.000,0.00016985
2024-12-08 08:00:00.000,0.00016572
2024-12-08 16:00:00.000,0.0001758
2024-12-09 00:00:00.000,0.00030413
2024-12-09 08:00:00.000,0.00021032
2024-12-09 16:00:00.001,0.00011115
2024-12-10 00:00:00.007,0.0001
2024-12-10 08:00:00.000,0.0001
2024-12-10 16:00:00.000,0.0001
2024-12-11 00:00:00.000,0.0001
2024-12-11 08:00:00.000,0.0001
2024-12-11 16:00:00.001,0.0001
2024-12-12 00:00:00.001,0.0001
2024-12-12 08:00:00.000,0.0001
2024-12-12 16:00:00.001,0.0001
2024-12-13 00:00:00.000,0.0001
2024-12-13 08:00:00.000,0.0001
2024-12-13 16:00:00.001,0.0001
2024-12-14 00:00:00.000,6.75e-05
2024-12-14 08:00:00.000,0.0001
2024-12-14 16:00:00.000,0.0001
2024-12-15 00:00:00.000,0.0001
2024-12-15 08:00:00.000,8.194e-05
2024-12-15 16:00:00.000,0.0001
2024-12-16 00:00:00.000,0.0001
2024-12-16 08:00:00.001,0.0001
2024-12-16 16:00:00.000,9.181e-05
2024-12-17 00:00:00.000,7.866e-05
2024-12-17 08:00:00.000,0.0001
2024-12-17 16:00:00.000,0.0001
2024-12-18 00:00:00.000,0.0001
2024-12-18 08:00:00.000,9.159e-05
2024-12-18 16:00:00.000,0.0001
2024-12-19 00:00:00.000,0.0001
2024-12-19 08:00:00.000,0.0001
2024-12-19 16:00:00.000,0.0001
2024-12-20 00:00:00.000,0.0001
2024-12-20 08:00:00.001,0.0001
2024-12-20 16:00:00.014,0.0001
2024-12-21 00:00:00.000,0.0001
2024-12-21 08:00:00.000,1.206e-05
2024-12-21 16:00:00.001,0.0001
2024-12-22 00:00:00.000,0.0001
2024-12-22 08:00:00.000,0.0001
2024-12-22 16:00:00.000,9.629e-05
2024-12-23 00:00:00.000,0.0001
2024-12-23 08:00:00.000,0.0001
2024-12-23 16:00:00.001,8.981e-05
2024-12-24 00:00:00.000,0.0001
2024-12-24 08:00:00.000,0.0001
2024-12-24 16:00:00.001,0.0001
2024-12-25 00:00:00.001,0.0001
2024-12-25 08:00:00.000,0.0001
2024-12-25 16:00:00.000,0.0001
2024-12-26 00:00:00.000,9.827e-05
2024-12-26 08:00:00.000,7.453e-05
2024-12-26 16:00:00.000,8.585e-05
2024-12-27 00:00:00.000,0.0001
2024-12-27 08:00:00.000,0.0001
2024-12-27 16:00:00.000,0.0001
2024-12-28 00:00:00.001,0.0001
2024-12-28 08:00:00.000,7.639e-05
2024-12-28 16:00:00.000,5.173e-05
2024-12-29 00:00:00.000,8.013e-05
2024-12-29 08:00:00.000,0.0001
2024-12-29 16:00:00.000,0.0001
2024-12-30 00:00:00.000,-4.2e-07
2024-12-30 08:00:00.001,8.791e-05
2024-12-30 16:00:00.000,0.0001
2024-12-31 00:00:00.000,0.0001
2024-12-31 08:00:00.000,0.0001
2024-12-31 16:00:00.000,0.0001
2025-01-01 00:00:00.015,0.0001
2025-01-01 08:00:00.000,0.0001
2025-01-01 16:00:00.001,0.0001
2025-01-02 00:00:00.000,0.0001
2025-01-02 08:00:00.006,0.0001
2025-01-02 16:00:00.000,0.0001
2025-01-03 00:00:00.000,0.0001
2025-01-03 08:00:00.000,0.0001
2025-01-03 16:00:00.000,5.242e-05
2025-01-04 00:00:00.000,7.699e-05
2025-01-04 08:00:00.000,0.0001
2025-01-04 16:00:00.000,7.98e-06
2025-01-05 00:00:00.000,0.0001
2025-01-05 08:00:00.000,0.0001
2025-01-05 16:00:00.000,8.32e-05
2025-01-06 00:00:00.000,0.0001
2025-01-06 08:00:00.001,0.0001
2025-01-06 16:00:00.000,0.0001
2025-01-07 00:00:00.000,0.0001
2025-01-07 08:00:00.000,8.903e-05
2025-01-07 16:00:00.008,8.279e-05
2025-01-08 00:00:00.001,0.0001
2025-01-08 08:00:00.000,0.0001
2025-01-08 16:00:00.000,0.0001
2025-01-09 00:00:00.000,0.0001
2025-01-09 08:00:00.000,9.834e-05
2025-01-09 16:00:00.000,-5.44e-06
2025-01-10 00:00:00.000,3.966e-05
2025-01-10 08:00:00.000,-1.06e-05
2025-01-10 16:00:00.000,8.078e-05
2025-01-11 00:00:00.000,5.68e-05
2025-01-11 08:00:00.000,4.055e-05
2025-01-11 16:00:00.000,2.608e-05
2025-01-12 00:00:00.000,5.009e-05
2025-01-12 08:00:00.000,3.21e-05
2025-01-12 16:00:00.000,6.647e-05
2025-01-13 00:00:00.000,5.266e-05
2025-01-13 08:00:00.000,6.989e-05
2025-01-13 16:00:00.000,8.81e-06
2025-01-14 00:00:00.000,0.0001
2025-01-14 08:00:00.000,0.0001
2025-01-14 16:00:00.000,9.496e-05
2025-01-15 00:00:00.000,4.989e-05
2025-01-15 08:00:00.000,8.795e-05
2025-01-15 16:00:00.000,5.844e-05
2025-01-16 00:00:00.000,7.28e-06
2025-01-16 08:00:00.000,7.568e-05
2025-01-16 16:00:00.000,4.598e-05
2025-01-17 00:00:00.004,4.597e-05
2025-01-17 08:00:00.000,9.386e-05
2025-01-17 16:00:00.008,3.432e-05
2025-01-18 00:00:00.000,6.707e-05
2025-01-18 08:00:00.007,0.0001
2025-01-18 16:00:00.000,0.0001
2025-01-19 00:00:00.000,0.0001
2025-01-19 08:00:00.000,0.0001
2025-01-19 16:00:00.000,0.0001
2025-01-20 00:00:00.000,0.0001
2025-01-20 08:00:00.009,0.0001
2025-01-20 16:00:00.000,0.0001
2025-01-21 00:00:00.000,0.0001
2025-01-21 08:00:00.000,0.0001
2025-01-21 16:00:00.000,0.0001
2025-01-22 00:00:00.000,0.0001
2025-01-22 08:00:00.000,0.0001
2025-01-22 16:00:00.000,0.0001
2025-01-23 00:00:00.001,8.654e-05
2025-01-23 08:00:00.000,0.0001
2025-01-23 16:00:00.000,8.616e-05
2025-01-24 00:00:00.000,3.34e-06
2025-01-24 08:00:00.000,7.537e-05
2025-01-24 16:00:00.000,9.54e-05
2025-01-25 00:00:00.000,5.702e-05
2025-01-25 08:00:00.000,8.495e-05
2025-01-25 16:00:00.001,7.782e-05
2025-01-26 00:00:00.000,8.363e-05
2025-01-26 08:00:00.000,0.0001
2025-01-26 16:00:00.000,8.443e-05
2025-01-27 00:00:00.000,9.084e-05
2025-01-27 08:00:00.000,3.712e-05
2025-01-27 16:00:00.000,9.8e-07
2025-01-28 00:00:00.000,0.0001
2025-01-28 08:00:00.000,3.714e-05
2025-01-28 16:00:00.000,9.848e-05
2025-01-29 00:00:00.000,0.0001
2025-01-29 08:00:00.000,0.0001
2025-01-29 16:00:00.000,9.949e-05
2025-01-30 00:00:00.000,7.59e-05
2025-01-30 08:00:00.000,0.0001
2025-01-30 16:00:00.000,9.499e-05
2025-01-31 00:00:00.000,1.225e-05
2025-01-31 08:00:00.000,0.0001
2025-01-31 16:00:00.000,0.0001
2025-02-01 00:00:00.000,8.098e-05
2025-02-01 08:00:00.000,5.369e-05
2025-02-01 16:00:00.000,5.968e-05
2025-02-02 00:00:00.001,5.824e-05
2025-02-02 08:00:00.000,3.38e-05
2025-02-02 16:00:00.000,-8.61e-06
2025-02-03 00:00:00.000,0.0001
2025-02-03 08:00:00.000,0.0001
2025-02-03 16:00:00.000,4.845e-05
2025-02-04 00:00:00.000,2.612e-05
2025-02-04 08:00:00.001,6.8e-05
2025-02-04 16:00:00.000,4.138e-05
2025-02-05 00:00:00.001,-4.61e-06
2025-02-05 08:00:00.001,4.774e-05
2025-02-05 16:00:00.000,1.61e-05
2025-02-06 00:00:00.001,2.186e-05
2025-02-06 08:00:00.001,-2.38e-06
2025-02-06 16:00:00.000,5.903e-05
2025-02-07 00:00:00.000,7.983e-05
2025-02-07 08:00:00.000,6.989e-05
2025-02-07 16:00:00.000,5.167e-05
2025-02-08 00:00:00.000,-4.1e-05
2025-02-08 08:00:00.000,1.137e-05
2025-02-08 16:00:00.000,3.24e-06
2025-02-09 00:00:00.000,3.873e-05
2025-02-09 08:00:00.000,9.6e-05
2025-02-09 16:00:00.000,2.839e-05
2025-02-10 00:00:00.000,1.802e-05
2025-02-10 08:00:00.000,9.176e-05
2025-02-10 16:00:00.000,7.457e-05
2025-02-11 00:00:00.000,4.218e-05
2025-02-11 08:00:00.000,7.09e-05
2025-02-11 16:00:00.000,-2.446e-05
2025-02-12 00:00:00.000,1.298e-05
2025-02-12 08:00:00.000,4.899e-05
2025-02-12 16:00:00.001,4.96e-05
2025-02-13 00:00:00.001,0.0001
2025-02-13 08:00:00.000,4.117e-05
2025-02-13 16:00:00.001,8.05e-06
2025-02-14 00:00:00.000,4.1e-05
2025-02-14 08:00:00.001,5.51e-05
2025-02-14 16:00:00.000,7.093e-05
2025-02-15 00:00:00.000,5.5e-07
2025-02-15 08:00:00.000,3.297e-05
2025-02-15 16:00:00.000,3.735e-05
2025-02-16 00:00:00.000,3.39e-05
2025-02-16 08:00:00.000,1.82e-06
2025-02-16 16:00:00.000,3.799e-05
2025-02-17 00:00:00.000,6.239e-05
2025-02-17 08:00:00.000,6.397e-05
2025-02-17 16:00:00.000,2.009e-05
2025-02-18 00:00:00.000,9.488e-05
2025-02-18 08:00:00.000,0.0001
2025-02-18 16:00:00.000,0.0001
2025-02-19 00:00:00.000,7.007e-05
2025-02-19 08:00:00.000,7.779e-05
2025-02-19 16:00:00.000,8.96e-05
2025-02-20 00:00:00.000,2.42e-05
2025-02-20 08:00:00.000,3.269e-05
2025-02-20 16:00:00.000,7.346e-05
2025-02-21 00:00:00.001,1.23e-06
2025-02-21 08:00:00.000,2.286e-05
2025-02-21 16:00:00.000,-9.7e-07
2025-02-22 00:00:00.000,0.0001
2025-02-22 08:00:00.000,6.466e-05
2025-02-22 16:00:00.000,2.318e-05
2025-02-23 00:00:00.000,4.112e-05
2025-02-23 08:00:00.000,3.14e-05
2025-02-23 16:00:00.000,1.478e-05
2025-02-24 00:00:00.000,-2.97e-05
2025-02-24 08:00:00.000,6.881e-05
2025-02-24 16:00:00.000,2.05e-05
2025-02-25 00:00:00.000,0.0001
2025-02-25 08:00:00.000,5.245e-05
2025-02-25 16:00:00.000,1.385e-05
2025-02-26 00:00:00.000,3.521e-05
2025-02-26 08:00:00.000,6.005e-05
2025-02-26 16:00:00.000,0.0001
2025-02-27 00:00:00.001,9.305e-05
2025-02-27 08:00:00.000,-6.17e-06
2025-02-27 16:00:00.000,9.433e-05
2025-02-28 00:00:00.001,9.444e-05
2025-02-28 08:00:00.000,9.521e-05
2025-02-28 16:00:00.000,-3.73e-06
2025-03-01 00:00:00.000,-1.4e-07
2025-03-01 08:00:00.000,-6.108e-05
2025-03-01 16:00:00.001,-8.58e-06
2025-03-02 00:00:00.000,-1.094e-05
2025-03-02 08:00:00.000,-2.783e-05
2025-03-02 16:00:00.000,-2.869e-05
2025-03-03 00:00:00.001,-5.518e-05
2025-03-03 08:00:00.000,7.91e-06
2025-03-03 16:00:00.000,5.272e-05
2025-03-04 00:00:00.001,-1.526e-05
2025-03-04 08:00:00.005,-2.7e-06
2025-03-04 16:00:00.000,1.306e-05
2025-03-05 00:00:00.000,4.113e-05
2025-03-05 08:00:00.000,2.722e-05
2025-03-05 16:00:00.000,5.028e-05
2025-03-06 00:00:00.000,3.538e-05
2025-03-06 08:00:00.001,6.413e-05
2025-03-06 16:00:00.000,6.818e-05
2025-03-07 00:00:00.000,-6.12e-06
2025-03-07 08:00:00.001,-1.539e-05
2025-03-07 16:00:00.000,2.028e-05
2025-03-08 00:00:00.000,5.328e-05
2025-03-08 08:00:00.001,3.73e-06
2025-03-08 16:00:00.001,1.208e-05
2025-03-09 00:00:00.001,-2.779e-05
2025-03-09 08:00:00.000,3.218e-05
2025-03-09 16:00:00.000,0.0001
2025-03-10 00:00:00.000,3.952e-05
2025-03-10 08:00:00.000,1.344e-05
2025-03-10 16:00:00.000,4.037e-05
2025-03-11 00:00:00.000,4.705e-05
2025-03-11 08:00:00.000,3.26e-05
2025-03-11 16:00:00.001,8.746e-05
2025-03-12 00:00:00.000,5.76e-06
2025-03-12 08:00:00.000,5.815e-05
2025-03-12 16:00:00.001,4.013e-05
2025-03-13 00:00:00.000,4.3e-06
2025-03-13 08:00:00.000,2.069e-05
2025-03-13 16:00:00.000,3.19e-05
2025-03-14 00:00:00.000,5.386e-05
2025-03-14 08:00:00.000,5.331e-05
2025-03-14 16:00:00.000,3.57e-06
2025-03-15 00:00:00.000,-6.035e-05
2025-03-15 08:00:00.000,-2.389e-05
2025-03-15 16:00:00.000,-3.21e-06
2025-03-16 00:00:00.000,4.32e-06
2025-03-16 08:00:00.000,4.236e-05
2025-03-16 16:00:00.000,1.247e-05
2025-03-17 00:00:00.000,1.065e-05
2025-03-17 08:00:00.000,8.474e-05
2025-03-17 16:00:00.000,8.59e-06
2025-03-18 00:00:00.000,7.03e-06
2025-03-18 08:00:00.000,2.059e-05
2025-03-18 16:00:00.000,3.514e-05
2025-03-19 00:00:00.000,2e-06
2025-03-19 08:00:00.000,5.961e-05
2025-03-19 16:00:00.000,5.024e-05
2025-03-20 00:00:00.000,1.944e-05
2025-03-20 08:00:00.000,3.79e-05
2025-03-20 16:00:00.000,1.086e-05
2025-03-21 00:00:00.000,1.615e-05
2025-03-21 08:00:00.000,5.324e-05
2025-03-21 16:00:00.000,2.518e-05
2025-03-22 00:00:00.000,2.836e-05
2025-03-22 08:00:00.004,-1.77e-05
2025-03-22 16:00:00.000,5.092e-05
2025-03-23 00:00:00.000,2.099e-05
2025-03-23 08:00:00.000,-1.84e-06
2025-03-23 16:00:00.000,4.02e-05
2025-03-24 00:00:00.000,2.039e-05
2025-03-24 08:00:00.000,5.512e-05
2025-03-24 16:00:00.000,-3.422e-05
2025-03-25 00:00:00.001,-2.47e-06
2025-03-25 08:00:00.000,1.15e-05
2025-03-25 16:00:00.000,-3.776e-05
2025-03-26 00:00:00.000,-2.99e-05
2025-03-26 08:00:00.000,1.659e-05
2025-03-26 16:00:00.001,-3.082e-05
2025-03-27 00:00:00.001,3.136e-05
2025-03-27 08:00:00.001,5.512e-05
2025-03-27 16:00:00.002,-3.76e-05
2025-03-28 00:00:00.001,1.584e-05
2025-03-28 08:00:00.001,-4.57e-06
2025-03-28 16:00:00.000,8.118e-05
2025-03-29 00:00:00.000,5.364e-05
2025-03-29 08:00:00.000,8.214e-05
2025-03-29 16:00:00.000,2.53e-05
2025-03-30 00:00:00.000,3.41e-06
2025-03-30 08:00:00.000,4.27e-06
2025-03-30 16:00:00.000,4.588e-05
2025-03-31 00:00:00.000,2.643e-05
2025-03-31 08:00:00.000,6.02e-05
2025-03-31 16:00:00.000,1.845e-05
2025-04-01 00:00:00.000,3.961e-05
2025-04-01 08:00:00.001,2.889e-05
2025-04-01 16:00:00.000,3.573e-05
2025-04-02 00:00:00.001,-2.112e-05
2025-04-02 08:00:00.000,3.036e-05
2025-04-02 16:00:00.000,7.33e-06
2025-04-03 00:00:00.000,5.862e-05
2025-04-03 08:00:00.000,5.038e-05
2025-04-03 16:00:00.000,6.484e-05
2025-04-04 00:00:00.000,4.283e-05
2025-04-04 08:00:00.000,4.736e-05
2025-04-04 16:00:00.000,8.038e-05
2025-04-05 00:00:00.000,8.559e-05
2025-04-05 08:00:00.000,7.437e-05
2025-04-05 16:00:00.000,4.08e-06
2025-04-06 00:00:00.000,2.21e-06
2025-04-06 08:00:00.000,5.363e-05
2025-04-06 16:00:00.002,-6.03e-06
2025-04-07 00:00:00.000,4.946e-05
2025-04-07 08:00:00.000,6.857e-05
2025-04-07 16:00:00.000,4.998e-05
2025-04-08 00:00:00.000,4.074e-05
2025-04-08 08:00:00.000,3.575e-05
2025-04-08 16:00:00.000,3.134e-05
2025-04-09 00:00:00.000,9.568e-05
2025-04-09 08:00:00.001,-2.252e-05
2025-04-09 16:00:00.000,6.856e-05
2025-04-10 00:00:00.000,7.705e-05
2025-04-10 08:00:00.000,1.14e-06
2025-04-10 16:00:00.000,6.775e-05
2025-04-11 00:00:00.001,2.065e-05
2025-04-11 08:00:00.000,-4.294e-05
2025-04-11 16:00:00.000,3.29e-05
2025-04-12 00:00:00.000,3.654e-05
2025-04-12 08:00:00.001,5.64e-05
2025-04-12 16:00:00.000,5.388e-05
2025-04-13 00:00:00.000,5.057e-05
2025-04-13 08:00:00.000,8.429e-05
2025-04-13 16:00:00.000,9.642e-05
2025-04-14 00:00:00.000,8.113e-05
2025-04-14 08:00:00.000,7.127e-05
2025-04-14 16:00:00.000,2.428e-05
2025-04-15 00:00:00.000,-2.073e-05
2025-04-15 08:00:00.000,6.606e-05
2025-04-15 16:00:00.001,1.883e-05
2025-04-16 00:00:00.000,2.428e-05
2025-04-16 08:00:00.000,6.917e-05
2025-04-16 16:00:00.000,1.978e-05
2025-04-17 00:00:00.001,1.404e-05
2025-04-17 08:00:00.000,5.679e-05
2025-04-17 16:00:00.001,3.425e-05
2025-04-18 00:00:00.000,1.788e-05
2025-04-18 08:00:00.000,7.071e-05
2025-04-18 16:00:00.000,2.995e-05
2025-04-19 00:00:00.000,2.93e-05
2025-04-19 08:00:00.000,6.024e-05
2025-04-19 16:00:00.000,-1.953e-05
2025-04-20 00:00:00.000,-2.98e-06
2025-04-20 08:00:00.000,-1.078e-05
2025-04-20 16:00:00.000,-2.258e-05
2025-04-21 00:00:00.000,5.232e-05
2025-04-21 08:00:00.005,5.403e-05
2025-04-21 16:00:00.003,1.553e-05
2025-04-22 00:00:00.008,7.749e-05
2025-04-22 08:00:00.000,-7.44e-06
2025-04-22 16:00:00.000,-7.045e-05
2025-04-23 00:00:00.000,-1.389e-05
2025-04-23 08:00:00.002,1.374e-05
2025-04-23 16:00:00.000,4.587e-05
2025-04-24 00:00:00.000,-2.671e-05
2025-04-24 08:00:00.001,5.21e-05
2025-04-24 16:00:00.001,-2.165e-05
2025-04-25 00:00:00.007,-1.764e-05
2025-04-25 08:00:00.002,1.7e-06
2025-04-25 16:00:00.003,1.2e-06
2025-04-26 00:00:00.002,-0.00010085
2025-04-26 08:00:00.000,-2.774e-05
2025-04-26 16:00:00.002,2.855e-05
2025-04-27 00:00:00.001,-1.5e-05
2025-04-27 08:00:00.000,-6.6e-06
2025-04-27 16:00:00.000,-4.21e-06
2025-04-28 00:00:00.001,3.73e-06
2025-04-28 08:00:00.003,2.46e-06
2025-04-28 16:00:00.005,-5.821e-05
2025-04-29 00:00:00.000,-7.73e-06
2025-04-29 08:00:00.000,4.13e-06
2025-04-29 16:00:00.010,1.305e-05
2025-04-30 00:00:00.001,-5.181e-05
2025-04-30 08:00:00.000,2.939e-05
2025-04-30 16:00:00.003,-3.797e-05
2025-05-01 00:00:00.000,3.519e-05
2025-05-01 08:00:00.000,5.755e-05
2025-05-01 16:00:00.001,-8.028e-05
2025-05-02 00:00:00.000,-0.00012232
2025-05-02 08:00:00.000,-9.382e-05
2025-05-02 16:00:00.003,-8.689e-05
2025-05-03 00:00:00.000,-5.953e-05
2025-05-03 08:00:00.000,3.198e-05
2025-05-03 16:00:00.000,-1.483e-05
2025-05-04 00:00:00.001,3.7e-06
2025-05-04 08:00:00.001,3.229e-05
2025-05-04 16:00:00.002,3.745e-05
2025-05-05 00:00:00.000,-2.404e-05
2025-05-05 08:00:00.000,3.636e-05
2025-05-05 16:00:00.006,-2.247e-05
2025-05-06 00:00:00.002,1.978e-05
2025-05-06 08:00:00.005,4.44e-05
2025-05-06 16:00:00.000,7.57e-06
2025-05-07 00:00:00.002,1.218e-05
2025-05-07 08:00:00.000,-2.5e-07
2025-05-07 16:00:00.006,1.32e-05
2025-05-08 00:00:00.000,2.318e-05
2025-05-08 08:00:00.001,4.608e-05
2025-05-08 16:00:00.002,5.728e-05
2025-05-09 00:00:00.001,0.0001
2025-05-09 08:00:00.006,0.0001
2025-05-09 16:00:00.000,4.378e-05
2025-05-10 00:00:00.001,9.657e-05
2025-05-10 08:00:00.000,0.0001
2025-05-10 16:00:00.001,4.257e-05
2025-05-11 00:00:00.000,0.0001
2025-05-11 08:00:00.001,4.15e-05
2025-05-11 16:00:00.001,0.0001
2025-05-12 00:00:00.004,4.454e-05
2025-05-12 08:00:00.000,0.0001
2025-05-12 16:00:00.000,2.301e-05
2025-05-13 00:00:00.000,6.847e-05
2025-05-13 08:00:00.008,0.0001
2025-05-13 16:00:00.001,7.256e-05
2025-05-14 00:00:00.007,9.921e-05
2025-05-14 08:00:00.000,7.542e-05
2025-05-14 16:00:00.002,3.175e-05
2025-05-15 00:00:00.000,2.978e-05
2025-05-15 08:00:00.003,5.336e-05
2025-05-15 16:00:00.000,1.439e-05
2025-05-16 00:00:00.001,4.504e-05
2025-05-16 08:00:00.000,7.535e-05
2025-05-16 16:00:00.000,4.768e-05
2025-05-17 00:00:00.000,2.821e-05
2025-05-17 08:00:00.001,3.34e-05
2025-05-17 16:00:00.004,5.97e-06
2025-05-18 00:00:00.000,6.742e-05
2025-05-18 08:00:00.000,5.903e-05
2025-05-18 16:00:00.000,0.0001
2025-05-19 00:00:00.000,5.99e-05
2025-05-19 08:00:00.006,6.04e-05
2025-05-19 16:00:00.010,2.11e-05
2025-05-20 00:00:00.000,8.378e-05
2025-05-20 08:00:00.002,7.107e-05
2025-05-20 16:00:00.000,1.266e-05
2025-05-21 00:00:00.000,8.767e-05
2025-05-21 08:00:00.001,7.147e-05
2025-05-21 16:00:00.004,5.119e-05
2025-05-22 00:00:00.001,0.0001
2025-05-22 08:00:00.000,0.0001
2025-05-22 16:00:00.002,0.0001
2025-05-23 00:00:00.006,9.321e-05
2025-05-23 08:00:00.000,7.261e-05
2025-05-23 16:00:00.007,8.614e-05
2025-05-24 00:00:00.010,3.524e-05
2025-05-24 08:00:00.000,4.59e-05
2025-05-24 16:00:00.003,7.837e-05
2025-05-25 00:00:00.004,9.794e-05
2025-05-25 08:00:00.000,5.113e-05
2025-05-25 16:00:00.000,3.651e-05
2025-05-26 00:00:00.000,7.331e-05
2025-05-26 08:00:00.000,0.0001
2025-05-26 16:00:00.002,9.782e-05
2025-05-27 00:00:00.003,7.65e-05
2025-05-27 08:00:00.001,7.266e-05
2025-05-27 16:00:00.005,2.476e-05
2025-05-28 00:00:00.002,3.26e-05
2025-05-28 08:00:00.003,2.164e-05
2025-05-28 16:00:00.002,5.368e-05
2025-05-29 00:00:00.000,3.186e-05
2025-05-29 08:00:00.006,2.812e-05
2025-05-29 16:00:00.000,8.379e-05
2025-05-30 00:00:00.003,2.622e-05
2025-05-30 08:00:00.003,3.849e-05
2025-05-30 16:00:00.000,7.392e-05
2025-05-31 00:00:00.000,8.506e-05
2025-05-31 08:00:00.000,7.552e-05
2025-05-31 16:00:00.000,4.687e-05
2025-06-01 00:00:00.001,-5.82e-06
2025-06-01 08:00:00.002,2.335e-05
2025-06-01 16:00:00.000,4.117e-05
2025-06-02 00:00:00.001,-6.42e-06
2025-06-02 08:00:00.000,5.593e-05
2025-06-02 16:00:00.000,4.467e-05
2025-06-03 00:00:00.000,5.005e-05
2025-06-03 08:00:00.000,6.066e-05
2025-06-03 16:00:00.001,4.456e-05
2025-06-04 00:00:00.000,-1.1e-07
2025-06-04 08:00:00.000,2.611e-05
2025-06-04 16:00:00.000,9.62e-06
2025-06-05 00:00:00.016,7.4e-07
2025-06-05 08:00:00.000,2.871e-05
2025-06-05 16:00:00.000,5.156e-05
2025-06-06 00:00:00.002,-3.491e-05
2025-06-06 08:00:00.000,-3.03e-05
2025-06-06 16:00:00.006,-2.995e-05
2025-06-07 00:00:00.000,-2.89e-05
2025-06-07 08:00:00.000,-3.158e-05
2025-06-07 16:00:00.002,2.94e-06
2025-06-08 00:00:00.000,4.808e-05
2025-06-08 08:00:00.000,5.613e-05
2025-06-08 16:00:00.000,-3.602e-05
2025-06-09 00:00:00.000,-2.164e-05
2025-06-09 08:00:00.001,4.024e-05
2025-06-09 16:00:00.001,3.057e-05
2025-06-10 00:00:00.000,6.374e-05
2025-06-10 08:00:00.001,0.0001
2025-06-10 16:00:00.003,8.165e-05
2025-06-11 00:00:00.000,8.779e-05
2025-06-11 08:00:00.000,8.39e-05
2025-06-11 16:00:00.010,5.039e-05
2025-06-12 00:00:00.002,1.856e-05
2025-06-12 08:00:00.003,7.247e-05
2025-06-12 16:00:00.001,1.198e-05
2025-06-13 00:00:00.000,-1.801e-05
2025-06-13 08:00:00.001,-2.7e-06
2025-06-13 16:00:00.004,3.857e-05
2025-06-14 00:00:00.000,1.958e-05
2025-06-14 08:00:00.000,3.858e-05
2025-06-14 16:00:00.000,1.135e-05
2025-06-15 00:00:00.005,-3.641e-05
2025-06-15 08:00:00.009,1.439e-05
2025-06-15 16:00:00.000,7.369e-05
2025-06-16 00:00:00.000,9.36e-06
2025-06-16 08:00:00.000,5.07e-05
2025-06-16 16:00:00.003,2.793e-05
2025-06-17 00:00:00.000,1.847e-05
2025-06-17 08:00:00.006,5.776e-05
2025-06-17 16:00:00.001,2.211e-05
2025-06-18 00:00:00.001,-1.752e-05
2025-06-18 08:00:00.001,3.695e-05
2025-06-18 16:00:00.001,6.692e-05
2025-06-19 00:00:00.005,8.45e-06
2025-06-19 08:00:00.003,6.16e-06
2025-06-19 16:00:00.000,2.396e-05
2025-06-20 00:00:00.000,3.565e-05
2025-06-20 08:00:00.002,7.862e-05
2025-06-20 16:00:00.001,2.4e-05
2025-06-21 00:00:00.002,3.977e-05
2025-06-21 08:00:00.005,1.933e-05
2025-06-21 16:00:00.000,7.44e-05
2025-06-22 00:00:00.005,2.883e-05
2025-06-22 08:00:00.000,0.0001
2025-06-22 16:00:00.003,4.145e-05
2025-06-23 00:00:00.000,-1.061e-05
2025-06-23 08:00:00.004,-2.809e-05
2025-06-23 16:00:00.013,4.889e-05
2025-06-24 00:00:00.003,1.245e-05
2025-06-24 08:00:00.000,1.218e-05
2025-06-24 16:00:00.000,4.47e-06
2025-06-25 00:00:00.005,-3.174e-05
2025-06-25 08:00:00.000,2.747e-05
2025-06-25 16:00:00.005,9.62e-06
2025-06-26 00:00:00.000,1.41e-06
2025-06-26 08:00:00.006,3.805e-05
2025-06-26 16:00:00.007,6.82e-06
2025-06-27 00:00:00.000,1.113e-05
2025-06-27 08:00:00.000,2.663e-05
2025-06-27 16:00:00.009,2.557e-05
2025-06-28 00:00:00.001,-1.161e-05
2025-06-28 08:00:00.002,6.053e-05
2025-06-28 16:00:00.000,4.434e-05
2025-06-29 00:00:00.004,1.25e-05
2025-06-29 08:00:00.001,5.36e-05
2025-06-29 16:00:00.001,0.0001
2025-06-30 00:00:00.000,1.084e-05
2025-06-30 08:00:00.005,2.959e-05
2025-06-30 16:00:00.002,4.923e-05
2025-07-01 00:00:00.007,1.053e-05
2025-07-01 08:00:00.002,4.334e-05
2025-07-01 16:00:00.000,1.109e-05
2025-07-02 00:00:00.001,1.807e-05
2025-07-02 08:00:00.000,3.403e-05
2025-07-02 16:00:00.003,4.13e-05
2025-07-03 00:00:00.006,4.871e-05
2025-07-03 08:00:00.003,3.562e-05
2025-07-03 16:00:00.003,5.028e-05
2025-07-04 00:00:00.005,5.23e-05
2025-07-04 08:00:00.003,5.009e-05
2025-07-04 16:00:00.001,1.797e-05
2025-07-05 00:00:00.004,1.066e-05
2025-07-05 08:00:00.009,3.055e-05
2025-07-05 16:00:00.006,4.005e-05
2025-07-06 00:00:00.001,1.941e-05
2025-07-06 08:00:00.002,1.665e-05
2025-07-06 16:00:00.004,1.028e-05
2025-07-07 00:00:00.000,2.36e-05
2025-07-07 08:00:00.007,3.438e-05
2025-07-07 16:00:00.000,4.271e-05
2025-07-08 00:00:00.010,1.073e-05
2025-07-08 08:00:00.003,4.563e-05
2025-07-08 16:00:00.000,3.601e-05
2025-07-09 00:00:00.002,3.093e-05
2025-07-09 08:00:00.006,3.396e-05
2025-07-09 16:00:00.001,4.253e-05
2025-07-10 00:00:00.003,0.0001
2025-07-10 08:00:00.000,8.523e-05
2025-07-10 16:00:00.004,1.908e-05
2025-07-11 00:00:00.004,0.0001
2025-07-11 08:00:00.007,0.0001
2025-07-11 16:00:00.001,0.0001
2025-07-12 00:00:00.000,0.0001
2025-07-12 08:00:00.001,0.0001
2025-07-12 16:00:00.002,0.0001
2025-07-13 00:00:00.006,0.0001
2025-07-13 08:00:00.001,0.0001
2025-07-13 16:00:00.003,0.0001
2025-07-14 00:00:00.000,8.051e-05
2025-07-14 08:00:00.000,0.0001
2025-07-14 16:00:00.000,0.0001
2025-07-15 00:00:00.002,0.0001
2025-07-15 08:00:00.000,0.0001
2025-07-15 16:00:00.000,0.0001
2025-07-16 00:00:00.000,0.0001
2025-07-16 08:00:00.000,0.0001
2025-07-16 16:00:00.008,0.0001
2025-07-17 00:00:00.003,0.0001
2025-07-17 08:00:00.000,0.0001
2025-07-17 16:00:00.000,0.0001
2025-07-18 00:00:00.004,0.0001
2025-07-18 08:00:00.000,0.0001
2025-07-18 16:00:00.000,0.0001
2025-07-19 00:00:00.009,0.0001
2025-07-19 08:00:00.000,0.0001
2025-07-19 16:00:00.002,0.0001
2025-07-20 00:00:00.000,0.0001
2025-07-20 08:00:00.000,0.0001
2025-07-20 16:00:00.000,0.0001
2025-07-21 00:00:00.001,0.0001
2025-07-21 08:00:00.000,0.0001
2025-07-21 16:00:00.001,0.0001
2025-07-22 00:00:00.000,0.0001
2025-07-22 08:00:00.010,0.0001
2025-07-22 16:00:00.007,0.0001
2025-07-23 00:00:00.000,0.0001
2025-07-23 08:00:00.004,0.0001
2025-07-23 16:00:00.002,0.0001
2025-07-24 00:00:00.000,0.0001
2025-07-24 08:00:00.001,0.0001
2025-07-24 16:00:00.000,0.0001
2025-07-25 00:00:00.000,0.0001
2025-07-25 08:00:00.000,0.0001
2025-07-25 16:00:00.000,0.0001
2025-07-26 00:00:00.001,0.0001
2025-07-26 08:00:00.005,0.0001
2025-07-26 16:00:00.001,0.0001
2025-07-27 00:00:00.001,0.0001
2025-07-27 08:00:00.000,0.0001
2025-07-27 16:00:00.008,0.0001
2025-07-28 00:00:00.005,0.0001
2025-07-28 08:00:00.000,0.0001
2025-07-28 16:00:00.000,0.0001
2025-07-29 00:00:00.001,0.0001
2025-07-29 08:00:00.000,0.0001
2025-07-29 16:00:00.000,0.0001
2025-07-30 00:00:00.011,0.0001
2025-07-30 08:00:00.000,0.0001
2025-07-30 16:00:00.008,0.0001
2025-07-31 00:00:00.000,5.694e-05
2025-07-31 08:00:00.009,0.0001
2025-07-31 16:00:00.000,0.0001
2025-08-01 00:00:00.001,-1.408e-05
2025-08-01 08:00:00.003,1.549e-05
2025-08-01 16:00:00.000,5.681e-05
2025-08-02 00:00:00.004,4.81e-05
2025-08-02 08:00:00.000,8.94e-06
2025-08-02 16:00:00.000,4.437e-05
2025-08-03 00:00:00.000,5.633e-05
2025-08-03 08:00:00.000,4.533e-05
2025-08-03 16:00:00.003,7.504e-05
2025-08-04 00:00:00.004,4.188e-05
2025-08-04 08:00:00.000,5.719e-05
2025-08-04 16:00:00.002,3.912e-05
2025-08-05 00:00:00.000,7.101e-05
2025-08-05 08:00:00.000,8.589e-05
2025-08-05 16:00:00.000,4.784e-05
2025-08-06 00:00:00.005,5.172e-05
2025-08-06 08:00:00.000,9.275e-05
2025-08-06 16:00:00.000,8.288e-05
2025-08-07 00:00:00.003,4.843e-05
2025-08-07 08:00:00.002,7.574e-05
2025-08-07 16:00:00.002,6.275e-05
2025-08-08 00:00:00.002,2.403e-05
2025-08-08 08:00:00.004,1.729e-05
2025-08-08 16:00:00.000,7.973e-05
2025-08-09 00:00:00.005,8.835e-05
2025-08-09 08:00:00.000,9.087e-05
2025-08-09 16:00:00.007,5.151e-05
2025-08-10 00:00:00.003,9.849e-05
2025-08-10 08:00:00.005,0.0001
2025-08-10 16:00:00.002,0.0001
2025-08-11 00:00:00.000,0.0001
2025-08-11 08:00:00.000,0.0001
2025-08-11 16:00:00.000,0.0001
2025-08-12 00:00:00.000,0.0001
2025-08-12 08:00:00.001,7.988e-05
2025-08-12 16:00:00.005,8.543e-05
2025-08-13 00:00:00.000,7.123e-05
2025-08-13 08:00:00.002,0.0001
2025-08-13 16:00:00.006,0.0001
2025-08-14 00:00:00.002,0.0001
2025-08-14 08:00:00.003,0.0001
2025-08-14 16:00:00.000,0.0001
2025-08-15 00:00:00.000,1.939e-05
2025-08-15 08:00:00.000,7.99e-05
2025-08-15 16:00:00.000,3.722e-05
2025-08-16 00:00:00.004,8.85e-05
2025-08-16 08:00:00.000,8.268e-05
2025-08-16 16:00:00.002,9.023e-05
2025-08-17 00:00:00.000,8.206e-05
2025-08-17 08:00:00.001,4.68e-05
2025-08-17 16:00:00.007,1.862e-05
2025-08-18 00:00:00.000,2.846e-05
2025-08-18 08:00:00.001,-6.82e-06
2025-08-18 16:00:00.002,5.296e-05
2025-08-19 00:00:00.000,7.137e-05
2025-08-19 08:00:00.001,6.262e-05
2025-08-19 16:00:00.000,3.167e-05
2025-08-20 00:00:00.000,4.543e-05
2025-08-20 08:00:00.000,1.364e-05
2025-08-20 16:00:00.000,4.936e-05
2025-08-21 00:00:00.006,1.143e-05
2025-08-21 08:00:00.000,7.757e-05
2025-08-21 16:00:00.003,7.414e-05
2025-08-22 00:00:00.010,7.296e-05
2025-08-22 08:00:00.007,0.0001
2025-08-22 16:00:00.001,5.867e-05
2025-08-23 00:00:00.004,0.0001
2025-08-23 08:00:00.006,0.0001
2025-08-23 16:00:00.000,9.711e-05
2025-08-24 00:00:00.001,0.0001
2025-08-24 08:00:00.002,0.0001
2025-08-24 16:00:00.001,0.0001
2025-08-25 00:00:00.000,0.0001
2025-08-25 08:00:00.002,0.0001
2025-08-25 16:00:00.002,8.344e-05
2025-08-26 00:00:00.000,4.522e-05
2025-08-26 08:00:00.000,3.9e-05
2025-08-26 16:00:00.000,0.0001
2025-08-27 00:00:00.003,1.802e-05
2025-08-27 08:00:00.000,5.503e-05
2025-08-27 16:00:00.009,3.496e-05
2025-08-28 00:00:00.000,5.297e-05
2025-08-28 08:00:00.005,9.693e-05
2025-08-28 16:00:00.004,7.512e-05
2025-08-29 00:00:00.000,4.261e-05
2025-08-29 08:00:00.000,5.856e-05
2025-08-29 16:00:00.005,6.44e-06
2025-08-30 00:00:00.000,7.523e-05
2025-08-30 08:00:00.002,7.979e-05
2025-08-30 16:00:00.003,8.042e-05
2025-08-31 00:00:00.016,-1.232e-05
2025-08-31 08:00:00.000,4.749e-05
2025-08-31 16:00:00.001,0.0001
2025-09-01 00:00:00.000,4.66e-05
2025-09-01 08:00:00.000,0.0001
2025-09-01 16:00:00.001,4.963e-05
2025-09-02 00:00:00.000,6.946e-05
2025-09-02 08:00:00.005,8.805e-05
2025-09-02 16:00:00.007,6.356e-05
2025-09-03 00:00:00.006,7.67e-06
2025-09-03 08:00:00.002,5.127e-05
2025-09-03 16:00:00.002,2.344e-05
2025-09-04 00:00:00.002,1.808e-05
2025-09-04 08:00:00.000,4.385e-05
2025-09-04 16:00:00.000,7.941e-05
2025-09-05 00:00:00.001,7.532e-05
2025-09-05 08:00:00.006,0.0001
2025-09-05 16:00:00.000,7.872e-05
2025-09-06 00:00:00.000,1.297e-05
2025-09-06 08:00:00.005,5.66e-05
2025-09-06 16:00:00.000,5.11e-05
2025-09-07 00:00:00.000,1.97e-05
2025-09-07 08:00:00.000,3.611e-05
2025-09-07 16:00:00.000,6.969e-05
2025-09-08 00:00:00.007,9.404e-05
2025-09-08 08:00:00.000,6.682e-05
2025-09-08 16:00:00.000,7.311e-05
2025-09-09 00:00:00.000,3.799e-05
2025-09-09 08:00:00.000,0.0001
2025-09-09 16:00:00.000,0.0001
2025-09-10 00:00:00.000,5.805e-05
2025-09-10 08:00:00.002,5.026e-05
2025-09-10 16:00:00.000,0.0001
2025-09-11 00:00:00.000,5.843e-05
2025-09-11 08:00:00.000,4.283e-05
2025-09-11 16:00:00.001,3.326e-05
2025-09-12 00:00:00.002,6.137e-05
2025-09-12 08:00:00.001,3.768e-05
2025-09-12 16:00:00.005,6.891e-05
2025-09-13 00:00:00.005,-1.554e-05
2025-09-13 08:00:00.002,2.251e-05
2025-09-13 16:00:00.000,3.137e-05
2025-09-14 00:00:00.006,8.182e-05
2025-09-14 08:00:00.000,4.78e-05
2025-09-14 16:00:00.001,3.115e-05
2025-09-15 00:00:00.006,6.207e-05
2025-09-15 08:00:00.002,8.259e-05
2025-09-15 16:00:00.001,8.189e-05
2025-09-16 00:00:00.001,9.97e-06
2025-09-16 08:00:00.000,6.991e-05
2025-09-16 16:00:00.000,6.472e-05
2025-09-17 00:00:00.001,6.972e-05
2025-09-17 08:00:00.000,8.441e-05
2025-09-17 16:00:00.003,6.303e-05
2025-09-18 00:00:00.006,4.941e-05
2025-09-18 08:00:00.002,8.928e-05
2025-09-18 16:00:00.000,4.208e-05
2025-09-19 00:00:00.000,-2.31e-06
2025-09-19 08:00:00.005,2.109e-05
2025-09-19 16:00:00.000,5.264e-05
2025-09-20 00:00:00.000,3.757e-05
2025-09-20 08:00:00.000,-2.7e-07
2025-09-20 16:00:00.002,-1.006e-05
2025-09-21 00:00:00.000,-5.322e-05
2025-09-21 08:00:00.000,2.563e-05
2025-09-21 16:00:00.000,3.742e-05
2025-09-22 00:00:00.005,6.665e-05
2025-09-22 08:00:00.003,1.743e-05
2025-09-22 16:00:00.000,4.838e-05
2025-09-23 00:00:00.000,7.062e-05
2025-09-23 08:00:00.001,7.083e-05
2025-09-23 16:00:00.000,7.478e-05
2025-09-24 00:00:00.003,5.794e-05
2025-09-24 08:00:00.001,6.267e-05
2025-09-24 16:00:00.002,4.886e-05
2025-09-25 00:00:00.000,-2.2e-06
2025-09-25 08:00:00.001,1.73e-05
2025-09-25 16:00:00.000,9.56e-05
2025-09-26 00:00:00.000,3.143e-05
2025-09-26 08:00:00.000,4.36e-05
2025-09-26 16:00:00.008,7.716e-05
2025-09-27 00:00:00.000,-1e-07
2025-09-27 08:00:00.010,3.425e-05
2025-09-27 16:00:00.003,7.821e-05
2025-09-28 00:00:00.000,3.314e-05
2025-09-28 08:00:00.000,4.976e-05
2025-09-28 16:00:00.000,5.261e-05
2025-09-29 00:00:00.000,2.312e-05
2025-09-29 08:00:00.002,1.304e-05
2025-09-29 16:00:00.001,3.2e-07
2025-09-30 00:00:00.002,2.353e-05
2025-09-30 08:00:00.005,5.893e-05
2025-09-30 16:00:00.000,2.584e-05
2025-10-01 00:00:00.000,3.355e-05
2025-10-01 08:00:00.000,3.457e-05
2025-10-01 16:00:00.000,0.0001
2025-10-02 00:00:00.000,7.784e-05
2025-10-02 08:00:00.013,0.0001
2025-10-02 16:00:00.000,9.543e-05
2025-10-03 00:00:00.006,9.926e-05
2025-10-03 08:00:00.006,0.0001
2025-10-03 16:00:00.000,0.0001
2025-10-04 00:00:00.001,0.0001
2025-10-04 08:00:00.000,0.0001
2025-10-04 16:00:00.000,8.312e-05
2025-10-05 00:00:00.000,8.648e-05
2025-10-05 08:00:00.003,0.0001
2025-10-05 16:00:00.009,9.566e-05
2025-10-06 00:00:00.004,7.672e-05
2025-10-06 08:00:00.002,9.708e-05
2025-10-06 16:00:00.004,5.831e-05
2025-10-07 00:00:00.000,0.0001
2025-10-07 08:00:00.003,8.608e-05
2025-10-07 16:00:00.000,6.194e-05
2025-10-08 00:00:00.000,2.542e-05
2025-10-08 08:00:00.006,0.0001
2025-10-08 16:00:00.002,5.396e-05
2025-10-09 00:00:00.001,1.344e-05
2025-10-09 08:00:00.000,5.35e-05
2025-10-09 16:00:00.000,1.455e-05
2025-10-10 00:00:00.005,7.85e-06
2025-10-10 08:00:00.002,3.879e-05
2025-10-10 16:00:00.014,1.013e-05
2025-10-11 00:00:00.000,0.0001
2025-10-11 08:00:00.003,0.0001
2025-10-11 16:00:00.000,4.67e-06
2025-10-12 00:00:00.004,-3.055e-05
2025-10-12 08:00:00.002,2.865e-05
2025-10-12 16:00:00.000,-0.00010915
2025-10-13 00:00:00.003,-3.942e-05
2025-10-13 08:00:00.002,2.519e-05
2025-10-13 16:00:00.003,-2.305e-05
2025-10-14 00:00:00.000,-4.041e-05
2025-10-14 08:00:00.000,7.12e-06
2025-10-14 16:00:00.000,-4.498e-05
2025-10-15 00:00:00.006,-5.425e-05
2025-10-15 08:00:00.002,3.973e-05
2025-10-15 16:00:00.000,2.25e-06
2025-10-16 00:00:00.000,-2.741e-05
2025-10-16 08:00:00.003,-2.23e-05
2025-10-16 16:00:00.002,-3.004e-05
2025-10-17 00:00:00.001,-2.85e-06
2025-10-17 08:00:00.005,-6.34e-06
2025-10-17 16:00:00.003,-2.91e-06
2025-10-18 00:00:00.000,-4.819e-05
2025-10-18 08:00:00.002,-6.376e-05
2025-10-18 16:00:00.001,-3.681e-05
2025-10-19 00:00:00.001,-1.411e-05
2025-10-19 08:00:00.001,1.512e-05
2025-10-19 16:00:00.001,2.787e-05
2025-10-20 00:00:00.004,-2.197e-05
2025-10-20 08:00:00.001,-6.65e-06
2025-10-20 16:00:00.000,-1.8e-07
2025-10-21 00:00:00.009,-5.567e-05
2025-10-21 08:00:00.000,2.222e-05
2025-10-21 16:00:00.000,-2.506e-05
2025-10-22 00:00:00.004,-4.212e-05
2025-10-22 08:00:00.000,2.445e-05
2025-10-22 16:00:00.000,5.702e-05
2025-10-23 00:00:00.000,8.911e-05
2025-10-23 08:00:00.001,2.673e-05
2025-10-23 16:00:00.004,3.933e-05
2025-10-24 00:00:00.000,3.391e-05
2025-10-24 08:00:00.000,1.783e-05
2025-10-24 16:00:00.009,3.224e-05
2025-10-25 00:00:00.000,5.02e-05
2025-10-25 08:00:00.001,1.484e-05
2025-10-25 16:00:00.001,5.57e-05
2025-10-26 00:00:00.001,1.903e-05
2025-10-26 08:00:00.001,5.35e-06
2025-10-26 16:00:00.000,6.904e-05
2025-10-27 00:00:00.000,0.0001
2025-10-27 08:00:00.005,0.0001
2025-10-27 16:00:00.000,7.304e-05
2025-10-28 00:00:00.000,6.059e-05
2025-10-28 08:00:00.000,7.806e-05
2025-10-28 16:00:00.004,2.992e-05
2025-10-29 00:00:00.004,-3.2e-07
2025-10-29 08:00:00.005,3.588e-05
2025-10-29 16:00:00.000,5.003e-05
2025-10-30 00:00:00.004,1.097e-05
2025-10-30 08:00:00.008,3.449e-05
2025-10-30 16:00:00.001,3.562e-05
2025-10-31 00:00:00.000,2.13e-06
2025-10-31 08:00:00.008,0.0001
2025-10-31 16:00:00.007,0.0001
2025-11-01 00:00:00.001,0.0001
2025-11-01 08:00:00.000,0.0001
2025-11-01 16:00:00.000,9.782e-05
2025-11-02 00:00:00.007,8.2e-05
2025-11-02 08:00:00.000,8.15e-05
2025-11-02 16:00:00.001,5.635e-05
2025-11-03 00:00:00.000,6.098e-05
2025-11-03 08:00:00.010,6.853e-05
2025-11-03 16:00:00.000,5.329e-05
2025-11-04 00:00:00.002,0.0001
2025-11-04 08:00:00.004,5.808e-05
2025-11-04 16:00:00.000,6.339e-05
2025-11-05 00:00:00.000,7.132e-05
2025-11-05 08:00:00.000,2.831e-05
2025-11-05 16:00:00.004,2.816e-05
2025-11-06 00:00:00.001,3.985e-05
2025-11-06 08:00:00.000,7.916e-05
2025-11-06 16:00:00.001,4.494e-05
2025-11-07 00:00:00.005,4.705e-05
2025-11-07 08:00:00.003,4.227e-05
2025-11-07 16:00:00.005,8.631e-05
2025-11-08 00:00:00.011,7.776e-05
2025-11-08 08:00:00.015,3.047e-05
2025-11-08 16:00:00.001,3.74e-05
2025-11-09 00:00:00.004,-1.64e-05
2025-11-09 08:00:00.000,4.187e-05
2025-11-09 16:00:00.005,8.948e-05
2025-11-10 00:00:00.000,8.87e-05
2025-11-10 08:00:00.000,7.355e-05
2025-11-10 16:00:00.003,4.979e-05
2025-11-11 00:00:00.007,2.818e-05
2025-11-11 08:00:00.000,-2.775e-05
2025-11-11 16:00:00.009,5.823e-05
2025-11-12 00:00:00.000,2.462e-05
2025-11-12 08:00:00.002,6.87e-06
2025-11-12 16:00:00.000,5.786e-05
2025-11-13 00:00:00.002,1.077e-05
2025-11-13 08:00:00.000,9.352e-05
2025-11-13 16:00:00.001,7.448e-05
2025-11-14 00:00:00.000,8.569e-05
2025-11-14 08:00:00.000,9.126e-05
2025-11-14 16:00:00.001,9.078e-05
2025-11-15 00:00:00.005,8.507e-05
2025-11-15 08:00:00.000,0.0001
2025-11-15 16:00:00.001,5.923e-05
2025-11-16 00:00:00.001,7.745e-05
2025-11-16 08:00:00.000,0.0001
2025-11-16 16:00:00.000,7.06e-05
2025-11-17 00:00:00.003,0.0001
2025-11-17 08:00:00.003,9.568e-05
2025-11-17 16:00:00.000,7.208e-05
2025-11-18 00:00:00.002,0.0001
2025-11-18 08:00:00.004,0.0001
2025-11-18 16:00:00.000,3.725e-05
2025-11-19 00:00:00.000,7.496e-05
2025-11-19 08:00:00.000,5.012e-05
2025-11-19 16:00:00.008,3.98e-05
2025-11-20 00:00:00.000,4.259e-05
2025-11-20 08:00:00.000,0.0001
2025-11-20 16:00:00.000,8.999e-05
2025-11-21 00:00:00.001,4.272e-05
2025-11-21 08:00:00.000,4.524e-05
2025-11-21 16:00:00.001,2.642e-05
2025-11-22 00:00:00.004,1.373e-05
2025-11-22 08:00:00.000,6.735e-05
2025-11-22 16:00:00.000,5.057e-05
2025-11-23 00:00:00.000,3.812e-05
2025-11-23 08:00:00.008,1.53e-06
2025-11-23 16:00:00.003,-8.93e-06
2025-11-24 00:00:00.004,-6e-08
2025-11-24 08:00:00.000,-1.34e-06
2025-11-24 16:00:00.006,5.044e-05
2025-11-25 00:00:00.000,-5.29e-05
2025-11-25 08:00:00.009,1.996e-05
2025-11-25 16:00:00.007,-3.019e-05
2025-11-26 00:00:00.001,4.038e-05
2025-11-26 08:00:00.001,5.388e-05
2025-11-26 16:00:00.000,-4.19e-06
2025-11-27 00:00:00.013,-2.599e-05
2025-11-27 08:00:00.000,2.408e-05
2025-11-27 16:00:00.004,4.624e-05
2025-11-28 00:00:00.008,1.771e-05
2025-11-28 08:00:00.000,6.007e-05
2025-11-28 16:00:00.008,-1.703e-05
2025-11-29 00:00:00.000,-1.982e-05
